vid_idx,vid_name,global_idx,local_idx_in_prefix,prob,logit,gt_label,is_error,prefix_len,threshold
0,Abuse028_x264_i3d,0,0,0.013925151899456978,-5.507388591766357,0,0,3,0.013925151899456978
0,Abuse028_x264_i3d,1,1,0.00045935632078908384,-8.469507217407227,0,0,3,0.013925151899456978
0,Abuse028_x264_i3d,2,2,0.006948046386241913,-6.015958309173584,0,0,3,0.013925151899456978
1,Abuse030_x264_i3d,89,0,2.732303983066231e-08,-19.66351890563965,0,0,3,3.47611255335778e-08
1,Abuse030_x264_i3d,90,1,3.2231554314421373e-08,-19.03078842163086,0,0,3,3.47611255335778e-08
1,Abuse030_x264_i3d,91,2,3.47611255335778e-08,-18.86842918395996,0,0,3,3.47611255335778e-08
2,Arrest001_x264_i3d,186,0,1.1604091021411023e-08,-19.4680233001709,0,0,3,1.4187714114655137e-08
2,Arrest001_x264_i3d,187,1,1.4187714114655137e-08,-19.20881462097168,0,0,3,1.4187714114655137e-08
2,Arrest001_x264_i3d,188,2,5.906222177998188e-09,-19.508026123046875,0,0,3,1.4187714114655137e-08
3,Arrest007_x264_i3d,335,0,0.00565358204767108,-5.247962474822998,0,0,3,0.00565358204767108
3,Arrest007_x264_i3d,336,1,0.0025920160114765167,-6.161477565765381,0,0,3,0.00565358204767108
3,Arrest007_x264_i3d,337,2,0.001232175505720079,-7.000657558441162,0,0,3,0.00565358204767108
4,Arrest024_x264_i3d,532,0,1.7364758377880207e-06,-14.805569648742676,0,0,3,1.7364758377880207e-06
4,Arrest024_x264_i3d,533,1,4.002816567094669e-08,-17.7675838470459,0,0,3,1.7364758377880207e-06
4,Arrest024_x264_i3d,534,2,1.74838802990962e-07,-16.28833770751953,0,0,3,1.7364758377880207e-06
5,Arrest030_x264_i3d,759,0,3.2219077183981426e-07,-16.26595115661621,0,0,3,8.187261641978694e-07
5,Arrest030_x264_i3d,760,1,6.28662348844955e-07,-15.703866958618164,0,0,3,8.187261641978694e-07
5,Arrest030_x264_i3d,761,2,8.187261641978694e-07,-15.646809577941895,0,0,3,8.187261641978694e-07
6,Arrest039_x264_i3d,1300,0,1.7270379570888394e-09,-23.50638198852539,0,0,3,1.7270379570888394e-09
6,Arrest039_x264_i3d,1301,1,1.2634954194012948e-09,-23.600563049316406,0,0,3,1.7270379570888394e-09
6,Arrest039_x264_i3d,1302,2,6.204194380465822e-10,-23.26007652282715,0,0,3,1.7270379570888394e-09
7,Arson007_x264_i3d,2290,0,1.8275026150149642e-06,-13.709883689880371,0,0,3,2.664776502570021e-06
7,Arson007_x264_i3d,2291,1,2.664776502570021e-06,-13.367327690124512,0,0,3,2.664776502570021e-06
7,Arson007_x264_i3d,2292,2,2.3235475055116694e-06,-13.583831787109375,0,0,3,2.664776502570021e-06
8,Arson009_x264_i3d,2681,0,0.0011402510572224855,-11.493034362792969,0,0,3,0.02426367811858654
8,Arson009_x264_i3d,2682,1,0.02426367811858654,-7.800958156585693,0,0,3,0.02426367811858654
8,Arson009_x264_i3d,2683,2,1.4567138350685127e-05,-12.70677661895752,0,0,3,0.02426367811858654
9,Arson010_x264_i3d,2728,0,4.896130576526048e-06,-12.749359130859375,0,0,3,8.052889461396262e-05
9,Arson010_x264_i3d,2729,1,8.052889461396262e-05,-10.245352745056152,0,0,3,8.052889461396262e-05
9,Arson010_x264_i3d,2730,2,3.178228382694215e-07,-15.037505149841309,0,0,3,8.052889461396262e-05
10,Arson011_x264_i3d,2926,0,8.024325381938979e-08,-17.031051635742188,0,0,3,3.161716085742228e-05
10,Arson011_x264_i3d,2927,1,2.4821414967846067e-07,-16.090229034423828,0,0,3,3.161716085742228e-05
10,Arson011_x264_i3d,2928,2,3.161716085742228e-05,-11.353160858154297,0,0,3,3.161716085742228e-05
11,Arson016_x264_i3d,3006,0,6.0595106333494186e-05,-11.878233909606934,0,0,3,0.00011046911095036194
11,Arson016_x264_i3d,3007,1,0.00011046911095036194,-11.925577163696289,0,0,3,0.00011046911095036194
11,Arson016_x264_i3d,3008,2,0.00010001804184867069,-11.835066795349121,0,0,3,0.00011046911095036194
12,Arson018_x264_i3d,3119,0,0.00012730402522720397,-9.787222862243652,0,0,3,0.024525729939341545
12,Arson018_x264_i3d,3120,1,0.00401903223246336,-7.274264812469482,0,0,3,0.024525729939341545
12,Arson018_x264_i3d,3121,2,0.024525729939341545,-4.892558574676514,0,0,3,0.024525729939341545
13,Arson022_x264_i3d,3172,0,4.279579570720671e-07,-16.05252456665039,0,0,3,7.743356036371551e-07
13,Arson022_x264_i3d,3173,1,6.118340820648882e-07,-16.52845001220703,0,0,3,7.743356036371551e-07
13,Arson022_x264_i3d,3174,2,7.743356036371551e-07,-16.10894775390625,0,0,3,7.743356036371551e-07
14,Arson035_x264_i3d,3712,0,1.9078213881584816e-05,-11.808772087097168,0,0,3,0.00019509626145008951
14,Arson035_x264_i3d,3713,1,6.534007843583822e-05,-12.03144359588623,0,0,3,0.00019509626145008951
14,Arson035_x264_i3d,3714,2,0.00019509626145008951,-10.795312881469727,0,0,3,0.00019509626145008951
15,Arson041_x264_i3d,3802,0,0.0019385674968361855,-8.289728164672852,0,0,3,0.03177276998758316
15,Arson041_x264_i3d,3803,1,0.012366722337901592,-6.047194480895996,0,0,3,0.03177276998758316
15,Arson041_x264_i3d,3804,2,0.03177276998758316,-4.624911785125732,0,0,3,0.03177276998758316
16,Assault006_x264_i3d,4037,0,1.3010760085307993e-05,-11.934866905212402,0,0,3,1.3010760085307993e-05
16,Assault006_x264_i3d,4038,1,4.1594699240476984e-08,-18.476421356201172,0,0,3,1.3010760085307993e-05
16,Assault006_x264_i3d,4039,2,5.335548891594044e-08,-18.377378463745117,0,0,3,1.3010760085307993e-05
17,Assault010_x264_i3d,4543,0,1.5400503343698801e-06,-16.410659790039062,0,0,3,1.5400503343698801e-06
17,Assault010_x264_i3d,4544,1,1.3476626463670982e-06,-17.019044876098633,0,0,3,1.5400503343698801e-06
17,Assault010_x264_i3d,4545,2,9.934668696587323e-07,-17.166715621948242,0,0,3,1.5400503343698801e-06
18,Assault011_x264_i3d,5555,0,0.00012457747652661055,-10.790539741516113,0,0,3,0.00012457747652661055
18,Assault011_x264_i3d,5556,1,6.90577071509324e-05,-10.501276016235352,0,0,3,0.00012457747652661055
18,Assault011_x264_i3d,5557,2,2.2159729269333184e-06,-13.650290489196777,0,0,3,0.00012457747652661055
19,Burglary005_x264_i3d,5698,0,6.7740766098722816e-06,-12.452776908874512,0,0,3,0.0025679157115519047
19,Burglary005_x264_i3d,5699,1,2.7928499548579566e-05,-12.10684871673584,0,0,3,0.0025679157115519047
19,Burglary005_x264_i3d,5700,2,0.0025679157115519047,-10.481616020202637,0,0,3,0.0025679157115519047
20,Burglary017_x264_i3d,6182,0,0.0001131108365370892,-9.699129104614258,0,0,3,0.00025786939659155905
20,Burglary017_x264_i3d,6183,1,0.00025786939659155905,-11.392109870910645,0,0,3,0.00025786939659155905
20,Burglary017_x264_i3d,6184,2,7.444424409186468e-05,-10.094534873962402,0,0,3,0.00025786939659155905
21,Burglary018_x264_i3d,6315,0,7.838243618607521e-07,-15.576416015625,0,0,3,7.838243618607521e-07
21,Burglary018_x264_i3d,6316,1,6.448194085351133e-07,-15.698511123657227,0,0,3,7.838243618607521e-07
21,Burglary018_x264_i3d,6317,2,6.829950507381e-07,-15.199780464172363,0,0,3,7.838243618607521e-07
22,Burglary021_x264_i3d,6386,0,9.094436848045007e-08,-19.42366600036621,0,0,3,5.517659246834228e-06
22,Burglary021_x264_i3d,6387,1,3.3189147075063374e-07,-16.888484954833984,0,0,3,5.517659246834228e-06
22,Burglary021_x264_i3d,6388,2,5.517659246834228e-06,-13.107098579406738,0,0,3,5.517659246834228e-06
23,Burglary024_x264_i3d,6483,0,1.3331342252342893e-08,-19.880178451538086,0,0,3,7.811598834450706e-08
23,Burglary024_x264_i3d,6484,1,3.512458945920116e-08,-19.102231979370117,0,0,3,7.811598834450706e-08
23,Burglary024_x264_i3d,6485,2,7.811598834450706e-08,-18.198457717895508,0,0,3,7.811598834450706e-08
24,Burglary032_x264_i3d,6709,0,9.909107312466858e-09,-18.786514282226562,0,0,3,1.2680817285115609e-08
24,Burglary032_x264_i3d,6710,1,7.091461196040427e-09,-19.223203659057617,0,0,3,1.2680817285115609e-08
24,Burglary032_x264_i3d,6711,2,1.2680817285115609e-08,-18.563947677612305,0,0,3,1.2680817285115609e-08
25,Burglary033_x264_i3d,7697,0,0.0005996280815452337,-8.638649940490723,0,0,3,0.007853426039218903
25,Burglary033_x264_i3d,7698,1,0.002942949067801237,-6.9775238037109375,0,0,3,0.007853426039218903
25,Burglary033_x264_i3d,7699,2,0.007853426039218903,-5.239593505859375,0,0,3,0.007853426039218903
26,Burglary035_x264_i3d,7776,0,1.9766261516451777e-08,-18.330535888671875,1,1,3,2.3332081156013373e-08
26,Burglary035_x264_i3d,7777,1,1.6344227304898595e-08,-18.392560958862305,1,1,3,2.3332081156013373e-08
26,Burglary035_x264_i3d,7778,2,2.3332081156013373e-08,-18.156848907470703,1,1,3,2.3332081156013373e-08
27,Burglary037_x264_i3d,8030,0,1.9877061774309368e-08,-19.10271644592285,0,0,3,1.9877061774309368e-08
27,Burglary037_x264_i3d,8031,1,1.81287198586233e-08,-18.694761276245117,0,0,3,1.9877061774309368e-08
27,Burglary037_x264_i3d,8032,2,1.1664378796183428e-08,-19.538700103759766,0,0,3,1.9877061774309368e-08
28,Burglary061_x264_i3d,8150,0,2.7221256360121515e-08,-20.013168334960938,0,0,3,3.898850664540987e-08
28,Burglary061_x264_i3d,8151,1,3.898850664540987e-08,-19.655263900756836,0,0,3,3.898850664540987e-08
28,Burglary061_x264_i3d,8152,2,1.1691658308166097e-08,-19.897586822509766,0,0,3,3.898850664540987e-08
29,Burglary076_x264_i3d,8712,0,1.313520243684252e-07,-16.923969268798828,0,0,3,1.523326176311457e-07
29,Burglary076_x264_i3d,8713,1,1.523326176311457e-07,-17.10111427307129,0,0,3,1.523326176311457e-07
29,Burglary076_x264_i3d,8714,2,1.2058661980063334e-07,-17.000226974487305,0,0,3,1.523326176311457e-07
30,Burglary079_x264_i3d,9520,0,9.249214172335485e-10,-22.135061264038086,0,0,3,9.249214172335485e-10
30,Burglary079_x264_i3d,9521,1,1.9157479769216224e-10,-23.400236129760742,0,0,3,9.249214172335485e-10
30,Burglary079_x264_i3d,9522,2,5.212423270783972e-10,-23.026731491088867,0,0,3,9.249214172335485e-10
31,Burglary092_x264_i3d,10449,0,1.512220819677168e-07,-16.4785213470459,0,0,3,1.2309759540585219e-06
31,Burglary092_x264_i3d,10450,1,9.894245067698648e-08,-17.19305992126465,0,0,3,1.2309759540585219e-06
31,Burglary092_x264_i3d,10451,2,1.2309759540585219e-06,-14.659064292907715,0,0,3,1.2309759540585219e-06
32,Explosion002_x264_i3d,10489,0,2.2348032871377654e-05,-10.789449691772461,0,0,3,2.4173406927729957e-05
32,Explosion002_x264_i3d,10490,1,2.2455131329479627e-05,-10.786674499511719,0,0,3,2.4173406927729957e-05
32,Explosion002_x264_i3d,10491,2,2.4173406927729957e-05,-10.735109329223633,0,0,3,2.4173406927729957e-05
33,Explosion004_x264_i3d,10740,0,2.4122477043420076e-05,-11.828531265258789,0,0,3,0.0006497536669485271
33,Explosion004_x264_i3d,10741,1,0.0006497536669485271,-7.624151706695557,0,0,3,0.0006497536669485271
33,Explosion004_x264_i3d,10742,2,0.0004663298896048218,-8.340459823608398,0,0,3,0.0006497536669485271
34,Explosion007_x264_i3d,10859,0,3.0120032533886842e-05,-12.147772789001465,0,0,3,7.869660475989804e-05
34,Explosion007_x264_i3d,10860,1,2.9021537557127886e-05,-13.34897518157959,0,0,3,7.869660475989804e-05
34,Explosion007_x264_i3d,10861,2,7.869660475989804e-05,-13.649165153503418,0,0,3,7.869660475989804e-05
35,Explosion008_x264_i3d,11878,0,1.870669397163738e-09,-20.775808334350586,0,0,3,2.5684572246831294e-09
35,Explosion008_x264_i3d,11879,1,1.923999404240817e-09,-20.65771484375,0,0,3,2.5684572246831294e-09
35,Explosion008_x264_i3d,11880,2,2.5684572246831294e-09,-20.443187713623047,0,0,3,2.5684572246831294e-09
36,Explosion010_x264_i3d,11988,0,0.0015032639494165778,-7.323002815246582,0,0,3,0.0015032639494165778
36,Explosion010_x264_i3d,11989,1,0.0002849609300028533,-8.341498374938965,0,0,3,0.0015032639494165778
36,Explosion010_x264_i3d,11990,2,0.0005173813551664352,-7.96938419342041,0,0,3,0.0015032639494165778
37,Explosion011_x264_i3d,12145,0,3.1557196855658276e-09,-19.80729866027832,0,0,3,3.1557196855658276e-09
37,Explosion011_x264_i3d,12146,1,3.0836564413050382e-09,-20.72585105895996,0,0,3,3.1557196855658276e-09
37,Explosion011_x264_i3d,12147,2,1.1147108791575988e-09,-21.172019958496094,0,0,3,3.1557196855658276e-09
38,Explosion013_x264_i3d,12244,0,1.4526361837852164e-06,-15.886972427368164,0,0,3,1.4526361837852164e-06
38,Explosion013_x264_i3d,12245,1,7.292321129170887e-07,-15.730656623840332,0,0,3,1.4526361837852164e-06
38,Explosion013_x264_i3d,12246,2,8.721012250134663e-07,-15.85528564453125,0,0,3,1.4526361837852164e-06
39,Explosion016_x264_i3d,12452,0,0.0001120475135394372,-9.271769523620605,0,0,3,0.0001120475135394372
39,Explosion016_x264_i3d,12453,1,6.114676125434926e-06,-12.073631286621094,0,0,3,0.0001120475135394372
39,Explosion016_x264_i3d,12454,2,5.772596523456741e-06,-12.154376983642578,0,0,3,0.0001120475135394372
40,Explosion017_x264_i3d,12513,0,1.0281983264803785e-07,-19.675304412841797,0,0,3,6.166214916447643e-06
40,Explosion017_x264_i3d,12514,1,1.1423124846032806e-07,-19.344343185424805,0,0,3,6.166214916447643e-06
40,Explosion017_x264_i3d,12515,2,6.166214916447643e-06,-17.720016479492188,0,0,3,6.166214916447643e-06
41,Explosion020_x264_i3d,12616,0,0.00023136740492191166,-9.875893592834473,0,0,3,0.00041532955947332084
41,Explosion020_x264_i3d,12617,1,0.00041532955947332084,-9.143745422363281,0,0,3,0.00041532955947332084
41,Explosion020_x264_i3d,12618,2,2.25843405132764e-06,-14.264841079711914,0,0,3,0.00041532955947332084
42,Explosion021_x264_i3d,12697,0,1.107612933992641e-05,-11.45398998260498,0,0,3,1.107612933992641e-05
42,Explosion021_x264_i3d,12698,1,8.800701834843494e-06,-11.724478721618652,0,0,3,1.107612933992641e-05
42,Explosion021_x264_i3d,12699,2,8.649913070257753e-06,-11.74341869354248,0,0,3,1.107612933992641e-05
43,Explosion022_x264_i3d,12746,0,1.96753362047275e-07,-17.65329360961914,0,0,3,1.2291866369196214e-06
43,Explosion022_x264_i3d,12747,1,1.2291866369196214e-06,-16.335254669189453,0,0,3,1.2291866369196214e-06
43,Explosion022_x264_i3d,12748,2,1.1399594086469733e-06,-16.463796615600586,0,0,3,1.2291866369196214e-06
44,Explosion025_x264_i3d,12971,0,1.0858332188945496e-06,-14.763018608093262,0,0,3,1.1615536550380057e-06
44,Explosion025_x264_i3d,12972,1,9.126987947638554e-07,-15.000433921813965,0,0,3,1.1615536550380057e-06
44,Explosion025_x264_i3d,12973,2,1.1615536550380057e-06,-14.644148826599121,0,0,3,1.1615536550380057e-06
45,Explosion027_x264_i3d,13003,0,4.050401791744207e-09,-21.657058715820312,0,0,3,1.3290308231717063e-07
45,Explosion027_x264_i3d,13004,1,1.3290308231717063e-07,-17.632017135620117,0,0,3,1.3290308231717063e-07
45,Explosion027_x264_i3d,13005,2,1.9073647106182534e-09,-22.384504318237305,0,0,3,1.3290308231717063e-07
46,Explosion028_x264_i3d,13052,0,1.0718927828667901e-10,-23.61670684814453,0,0,3,1.2272285965231333e-10
46,Explosion028_x264_i3d,13053,1,1.2272285965231333e-10,-23.64881706237793,0,0,3,1.2272285965231333e-10
46,Explosion028_x264_i3d,13054,2,1.1624810142274455e-10,-23.561487197875977,0,0,3,1.2272285965231333e-10
47,Explosion029_x264_i3d,13159,0,2.1898458726354875e-05,-11.720415115356445,0,0,3,9.246121044270694e-05
47,Explosion029_x264_i3d,13160,1,2.847897121682763e-05,-12.074896812438965,0,0,3,9.246121044270694e-05
47,Explosion029_x264_i3d,13161,2,9.246121044270694e-05,-10.013946533203125,0,0,3,9.246121044270694e-05
48,Explosion033_x264_i3d,13310,0,2.7435551146481885e-06,-14.359184265136719,0,0,3,2.7435551146481885e-06
48,Explosion033_x264_i3d,13311,1,1.6636789723634138e-06,-14.422215461730957,0,0,3,2.7435551146481885e-06
48,Explosion033_x264_i3d,13312,2,1.1248529290242004e-06,-14.651529312133789,0,0,3,2.7435551146481885e-06
49,Explosion035_x264_i3d,13508,0,5.430881699908241e-08,-20.4719181060791,0,0,3,1.344354473076237e-06
49,Explosion035_x264_i3d,13509,1,1.344354473076237e-06,-18.74441909790039,0,0,3,1.344354473076237e-06
49,Explosion035_x264_i3d,13510,2,6.852266665191564e-07,-18.48415184020996,0,0,3,1.344354473076237e-06
50,Explosion036_x264_i3d,13688,0,1.0031187969161692e-07,-17.42451286315918,0,0,3,1.0031187969161692e-07
50,Explosion036_x264_i3d,13689,1,8.825761455000247e-09,-19.442344665527344,0,0,3,1.0031187969161692e-07
50,Explosion036_x264_i3d,13690,2,4.01617121781328e-08,-17.613306045532227,0,0,3,1.0031187969161692e-07
51,Explosion039_x264_i3d,14021,0,0.00047119735972955823,-7.915956974029541,0,0,3,0.00047119735972955823
51,Explosion039_x264_i3d,14022,1,5.474223507917486e-05,-9.910870552062988,0,0,3,0.00047119735972955823
51,Explosion039_x264_i3d,14023,2,1.6219431927311234e-05,-11.11064338684082,0,0,3,0.00047119735972955823
52,Explosion043_x264_i3d,14084,0,1.4046086960206594e-08,-18.667922973632812,0,0,3,1.4046086960206594e-08
52,Explosion043_x264_i3d,14085,1,1.3430908829548116e-08,-18.746976852416992,0,0,3,1.4046086960206594e-08
52,Explosion043_x264_i3d,14086,2,1.2256452741610246e-08,-18.757116317749023,0,0,3,1.4046086960206594e-08
53,Fighting003_x264_i3d,14562,0,0.002421008190140128,-10.449542045593262,0,0,3,0.002421008190140128
53,Fighting003_x264_i3d,14563,1,0.000486994453240186,-11.90122127532959,0,0,3,0.002421008190140128
53,Fighting003_x264_i3d,14564,2,0.0007374106789939106,-12.208250999450684,0,0,3,0.002421008190140128
54,Fighting018_x264_i3d,14756,0,0.0006164537626318634,-7.690022945404053,0,0,3,0.021694770082831383
54,Fighting018_x264_i3d,14757,1,0.0007820766768418252,-8.01259994506836,0,0,3,0.021694770082831383
54,Fighting018_x264_i3d,14758,2,0.021694770082831383,-4.86544132232666,0,0,3,0.021694770082831383
55,Fighting033_x264_i3d,14843,0,1.6177293673536042e-06,-15.962286949157715,0,0,3,0.00016676695668138564
55,Fighting033_x264_i3d,14844,1,0.00016676695668138564,-11.70438289642334,0,0,3,0.00016676695668138564
55,Fighting033_x264_i3d,14845,2,0.0001249215129064396,-9.600794792175293,0,0,3,0.00016676695668138564
56,Fighting042_x264_i3d,14913,0,3.906035544787301e-06,-13.53680419921875,0,0,3,0.0007591443136334419
56,Fighting042_x264_i3d,14914,1,0.00036600115709006786,-9.84969425201416,0,0,3,0.0007591443136334419
56,Fighting042_x264_i3d,14915,2,0.0007591443136334419,-8.876275062561035,0,0,3,0.0007591443136334419
57,Fighting047_x264_i3d,15053,0,1.0655598625675111e-09,-22.252525329589844,0,0,3,3.316120045226967e-09
57,Fighting047_x264_i3d,15054,1,7.700001747323881e-10,-22.48410987854004,0,0,3,3.316120045226967e-09
57,Fighting047_x264_i3d,15055,2,3.316120045226967e-09,-20.325183868408203,0,0,3,3.316120045226967e-09
58,RoadAccidents001_x264_i3d,15332,0,2.3989503006305313e-06,-15.025885581970215,0,0,3,2.3989503006305313e-06
58,RoadAccidents001_x264_i3d,15333,1,1.262817818314943e-06,-14.76608943939209,0,0,3,2.3989503006305313e-06
58,RoadAccidents001_x264_i3d,15334,2,1.5090940905793104e-06,-15.19559383392334,0,0,3,2.3989503006305313e-06
59,RoadAccidents002_x264_i3d,15418,0,1.9317005808261456e-06,-16.437488555908203,0,0,3,1.9317005808261456e-06
59,RoadAccidents002_x264_i3d,15419,1,3.3102193697231996e-07,-17.579679489135742,0,0,3,1.9317005808261456e-06
59,RoadAccidents002_x264_i3d,15420,2,3.5997990721625683e-07,-16.068174362182617,0,0,3,1.9317005808261456e-06
60,RoadAccidents004_x264_i3d,15440,0,2.895376205458433e-08,-17.919178009033203,0,0,3,4.0303309134515075e-08
60,RoadAccidents004_x264_i3d,15441,1,4.0303309134515075e-08,-18.169788360595703,0,0,3,4.0303309134515075e-08
60,RoadAccidents004_x264_i3d,15442,2,2.300028079105232e-08,-18.681066513061523,0,0,3,4.0303309134515075e-08
61,RoadAccidents009_x264_i3d,15465,0,4.146634680068928e-08,-17.81390953063965,0,0,3,4.146634680068928e-08
61,RoadAccidents009_x264_i3d,15466,1,1.2519620895545813e-08,-19.234949111938477,0,0,3,4.146634680068928e-08
61,RoadAccidents009_x264_i3d,15467,2,8.361042413973507e-10,-22.197120666503906,0,0,3,4.146634680068928e-08
62,RoadAccidents010_x264_i3d,15523,0,1.7692219245191154e-08,-18.4232120513916,0,0,3,1.7692219245191154e-08
62,RoadAccidents010_x264_i3d,15524,1,7.523699885325641e-09,-19.304718017578125,0,0,3,1.7692219245191154e-08
62,RoadAccidents010_x264_i3d,15525,2,1.5517423790356588e-08,-18.763444900512695,0,0,3,1.7692219245191154e-08
63,RoadAccidents011_x264_i3d,15556,0,6.730367374530033e-09,-19.3812255859375,0,0,3,6.730367374530033e-09
63,RoadAccidents011_x264_i3d,15557,1,5.21747223203306e-09,-19.669836044311523,0,0,3,6.730367374530033e-09
63,RoadAccidents011_x264_i3d,15558,2,5.136264302763038e-09,-20.65118980407715,0,0,3,6.730367374530033e-09
64,RoadAccidents012_x264_i3d,15691,0,1.8523622884458746e-06,-17.056705474853516,0,0,3,1.8523622884458746e-06
64,RoadAccidents012_x264_i3d,15692,1,6.846028668405779e-07,-17.030179977416992,0,0,3,1.8523622884458746e-06
64,RoadAccidents012_x264_i3d,15693,2,6.48784919121681e-07,-16.280149459838867,0,0,3,1.8523622884458746e-06
65,RoadAccidents016_x264_i3d,15721,0,1.3216477157129702e-07,-16.428083419799805,0,0,3,1.3216477157129702e-07
65,RoadAccidents016_x264_i3d,15722,1,8.058321299131421e-08,-16.76997947692871,0,0,3,1.3216477157129702e-07
65,RoadAccidents016_x264_i3d,15723,2,2.7807340430285876e-08,-18.007171630859375,0,0,3,1.3216477157129702e-07
66,RoadAccidents017_x264_i3d,15858,0,5.0417929742252454e-05,-13.118685722351074,0,0,3,5.0417929742252454e-05
66,RoadAccidents017_x264_i3d,15859,1,1.589648718436365e-06,-15.545455932617188,0,0,3,5.0417929742252454e-05
66,RoadAccidents017_x264_i3d,15860,2,8.163210054590309e-07,-16.212766647338867,0,0,3,5.0417929742252454e-05
67,RoadAccidents019_x264_i3d,15874,0,7.792814216145416e-08,-17.509164810180664,0,0,3,7.246775908242853e-07
67,RoadAccidents019_x264_i3d,15875,1,8.427788600329222e-08,-18.127410888671875,0,0,3,7.246775908242853e-07
67,RoadAccidents019_x264_i3d,15876,2,7.246775908242853e-07,-17.1590518951416,0,0,3,7.246775908242853e-07
68,RoadAccidents020_x264_i3d,15957,0,9.910195331030991e-06,-12.122241973876953,0,0,3,0.0009985225042328238
68,RoadAccidents020_x264_i3d,15958,1,2.2745471142116003e-05,-12.39211654663086,0,0,3,0.0009985225042328238
68,RoadAccidents020_x264_i3d,15959,2,0.0009985225042328238,-10.39694881439209,0,0,3,0.0009985225042328238
69,RoadAccidents021_x264_i3d,16068,0,0.0019147231942042708,-7.5905938148498535,0,0,3,0.0023129230830818415
69,RoadAccidents021_x264_i3d,16069,1,0.0015609851107001305,-8.332077980041504,1,1,3,0.0023129230830818415
69,RoadAccidents021_x264_i3d,16070,2,0.0023129230830818415,-8.73798656463623,1,1,3,0.0023129230830818415
70,RoadAccidents022_x264_i3d,16078,0,1.2013208205985393e-09,-22.383100509643555,0,0,3,9.651611954097916e-09
70,RoadAccidents022_x264_i3d,16079,1,2.465410320340311e-09,-21.76344871520996,0,0,3,9.651611954097916e-09
70,RoadAccidents022_x264_i3d,16080,2,9.651611954097916e-09,-20.96722412109375,0,0,3,9.651611954097916e-09
71,RoadAccidents121_x264_i3d,16123,0,9.894114327835268e-07,-14.230414390563965,0,0,3,9.894114327835268e-07
71,RoadAccidents121_x264_i3d,16124,1,9.43620761972852e-07,-14.810774803161621,0,0,3,9.894114327835268e-07
71,RoadAccidents121_x264_i3d,16125,2,1.862011345110659e-08,-18.66288185119629,0,0,3,9.894114327835268e-07
72,RoadAccidents122_x264_i3d,16238,0,2.717872575885849e-07,-16.91965675354004,0,0,3,5.003702199246618e-07
72,RoadAccidents122_x264_i3d,16239,1,3.5545960486160766e-07,-16.927043914794922,0,0,3,5.003702199246618e-07
72,RoadAccidents122_x264_i3d,16240,2,5.003702199246618e-07,-17.217737197875977,0,0,3,5.003702199246618e-07
73,RoadAccidents123_x264_i3d,16279,0,6.010926085764368e-07,-15.446684837341309,0,0,3,6.010926085764368e-07
73,RoadAccidents123_x264_i3d,16280,1,4.742424764003772e-08,-18.032211303710938,0,0,3,6.010926085764368e-07
73,RoadAccidents123_x264_i3d,16281,2,3.311903071789857e-07,-16.482084274291992,0,0,3,6.010926085764368e-07
74,RoadAccidents124_x264_i3d,16342,0,1.2591779352533194e-07,-17.663339614868164,0,0,3,4.7669445280007494e-07
74,RoadAccidents124_x264_i3d,16343,1,2.145109476714424e-07,-16.943540573120117,0,0,3,4.7669445280007494e-07
74,RoadAccidents124_x264_i3d,16344,2,4.7669445280007494e-07,-16.615480422973633,0,0,3,4.7669445280007494e-07
75,RoadAccidents125_x264_i3d,16436,0,1.9395825745505135e-07,-17.629383087158203,0,0,3,1.9395825745505135e-07
75,RoadAccidents125_x264_i3d,16437,1,1.1393812116011759e-07,-18.076791763305664,0,0,3,1.9395825745505135e-07
75,RoadAccidents125_x264_i3d,16438,2,1.146026775700193e-07,-18.67762565612793,0,0,3,1.9395825745505135e-07
76,RoadAccidents127_x264_i3d,16547,0,4.5941838777707744e-08,-17.49884033203125,0,0,3,2.3303061880142195e-07
76,RoadAccidents127_x264_i3d,16548,1,1.1568888425017576e-07,-17.035160064697266,0,0,3,2.3303061880142195e-07
76,RoadAccidents127_x264_i3d,16549,2,2.3303061880142195e-07,-15.681729316711426,0,0,3,2.3303061880142195e-07
77,RoadAccidents128_x264_i3d,16709,0,2.450400415909826e-06,-14.799155235290527,0,0,3,2.450400415909826e-06
77,RoadAccidents128_x264_i3d,16710,1,3.639597991877963e-07,-16.996784210205078,0,0,3,2.450400415909826e-06
77,RoadAccidents128_x264_i3d,16711,2,4.0166420944842685e-07,-17.236845016479492,0,0,3,2.450400415909826e-06
78,RoadAccidents131_x264_i3d,16745,0,8.074341167230159e-06,-14.28875732421875,0,0,3,8.074341167230159e-06
78,RoadAccidents131_x264_i3d,16746,1,3.830823061434785e-06,-14.63298225402832,0,0,3,8.074341167230159e-06
78,RoadAccidents131_x264_i3d,16747,2,2.8470144570746925e-06,-14.842619895935059,0,0,3,8.074341167230159e-06
79,RoadAccidents132_x264_i3d,16841,0,4.692095387781592e-07,-15.086443901062012,0,0,3,1.819360818444693e-06
79,RoadAccidents132_x264_i3d,16842,1,4.6678061949023686e-07,-15.284825325012207,0,0,3,1.819360818444693e-06
79,RoadAccidents132_x264_i3d,16843,2,1.819360818444693e-06,-13.960556030273438,0,0,3,1.819360818444693e-06
80,RoadAccidents133_x264_i3d,16958,0,5.061361463276626e-08,-17.309480667114258,0,0,3,2.6319227686144586e-07
80,RoadAccidents133_x264_i3d,16959,1,2.6319227686144586e-07,-15.545984268188477,0,0,3,2.6319227686144586e-07
80,RoadAccidents133_x264_i3d,16960,2,7.476801755501583e-08,-16.59224510192871,0,0,3,2.6319227686144586e-07
81,Robbery048_x264_i3d,17001,0,1.682987749518361e-05,-13.612738609313965,0,0,3,1.682987749518361e-05
81,Robbery048_x264_i3d,17002,1,1.1785148672061041e-05,-14.338923454284668,0,0,3,1.682987749518361e-05
81,Robbery048_x264_i3d,17003,2,1.4369076779985335e-05,-14.182135581970215,0,0,3,1.682987749518361e-05
82,Robbery050_x264_i3d,17090,0,1.532466740172822e-07,-16.368675231933594,0,0,3,4.238925157551421e-07
82,Robbery050_x264_i3d,17091,1,2.752201453404268e-07,-17.167078018188477,0,0,3,4.238925157551421e-07
82,Robbery050_x264_i3d,17092,2,4.238925157551421e-07,-16.43202018737793,0,0,3,4.238925157551421e-07
83,Robbery102_x264_i3d,17197,0,8.46965431122726e-09,-20.722381591796875,0,0,3,1.641162405974228e-08
83,Robbery102_x264_i3d,17198,1,1.641162405974228e-08,-20.515914916992188,0,0,3,1.641162405974228e-08
83,Robbery102_x264_i3d,17199,2,1.1615262529574011e-08,-20.88362693786621,0,0,3,1.641162405974228e-08
84,Robbery106_x264_i3d,17312,0,0.0005745577509514987,-9.506945610046387,0,0,3,0.0005745577509514987
84,Robbery106_x264_i3d,17313,1,0.00042953985393978655,-9.438837051391602,0,0,3,0.0005745577509514987
84,Robbery106_x264_i3d,17314,2,0.0004681212012656033,-9.683300018310547,0,0,3,0.0005745577509514987
85,Robbery137_x264_i3d,17387,0,6.314966327636284e-09,-20.647735595703125,0,0,3,1.7151968449979904e-06
85,Robbery137_x264_i3d,17388,1,1.9639874437871185e-07,-16.77564811706543,0,0,3,1.7151968449979904e-06
85,Robbery137_x264_i3d,17389,2,1.7151968449979904e-06,-14.594614028930664,0,0,3,1.7151968449979904e-06
86,Shooting002_x264_i3d,17525,0,0.001591392676346004,-11.301281929016113,0,0,3,0.015203888528048992
86,Shooting002_x264_i3d,17526,1,0.015203888528048992,-9.445539474487305,0,0,3,0.015203888528048992
86,Shooting002_x264_i3d,17527,2,0.001136552426032722,-10.545074462890625,0,0,3,0.015203888528048992
87,Shooting004_x264_i3d,17601,0,1.4219654076441657e-07,-15.786064147949219,0,0,3,2.973732989630662e-06
87,Shooting004_x264_i3d,17602,1,2.970951072711614e-06,-12.801956176757812,0,0,3,2.973732989630662e-06
87,Shooting004_x264_i3d,17603,2,2.973732989630662e-06,-12.809326171875,0,0,3,2.973732989630662e-06
88,Shooting007_x264_i3d,17714,0,7.0181131377466954e-06,-12.273180961608887,0,0,3,2.405561644991394e-05
88,Shooting007_x264_i3d,17715,1,1.2266313206055202e-05,-14.077534675598145,0,0,3,2.405561644991394e-05
88,Shooting007_x264_i3d,17716,2,2.405561644991394e-05,-12.48720645904541,1,1,3,2.405561644991394e-05
89,Shooting008_x264_i3d,17804,0,0.013502013869583607,-6.380073070526123,0,0,3,0.02280457504093647
89,Shooting008_x264_i3d,17805,1,0.010857519693672657,-7.278132915496826,0,0,3,0.02280457504093647
89,Shooting008_x264_i3d,17806,2,0.02280457504093647,-6.0019097328186035,0,0,3,0.02280457504093647
90,Shooting010_x264_i3d,17906,0,0.061821211129426956,-6.882641792297363,0,0,3,0.061821211129426956
90,Shooting010_x264_i3d,17907,1,0.003146936884149909,-8.149932861328125,0,0,3,0.061821211129426956
90,Shooting010_x264_i3d,17908,2,4.083460589754395e-05,-11.747220039367676,0,0,3,0.061821211129426956
91,Shooting011_x264_i3d,18072,0,8.758357807892025e-07,-15.238272666931152,0,0,3,1.697673724265769e-05
91,Shooting011_x264_i3d,18073,1,7.149024895625189e-06,-12.964102745056152,0,0,3,1.697673724265769e-05
91,Shooting011_x264_i3d,18074,2,1.697673724265769e-05,-11.91031551361084,0,0,3,1.697673724265769e-05
92,Shooting013_x264_i3d,18323,0,0.00011249485396547243,-14.094897270202637,0,0,3,0.05804106220602989
92,Shooting013_x264_i3d,18324,1,0.0013452636776492,-10.933296203613281,0,0,3,0.05804106220602989
92,Shooting013_x264_i3d,18325,2,0.05804106220602989,-6.096549034118652,0,0,3,0.05804106220602989
93,Shooting015_x264_i3d,18391,0,1.5026485016278457e-06,-14.545549392700195,0,0,3,1.9406438696023542e-06
93,Shooting015_x264_i3d,18392,1,1.877187628451793e-06,-14.115251541137695,0,0,3,1.9406438696023542e-06
93,Shooting015_x264_i3d,18393,2,1.9406438696023542e-06,-13.663371086120605,0,0,3,1.9406438696023542e-06
94,Shooting018_x264_i3d,18499,0,1.1258162402327798e-07,-17.04038429260254,0,0,3,0.007989137433469296
94,Shooting018_x264_i3d,18500,1,2.1815061700181104e-05,-11.425281524658203,0,0,3,0.007989137433469296
94,Shooting018_x264_i3d,18501,2,0.007989137433469296,-6.985636234283447,0,0,3,0.007989137433469296
95,Shooting019_x264_i3d,18612,0,1.0513867891859263e-06,-14.648497581481934,0,0,3,2.5209262730641058e-06
95,Shooting019_x264_i3d,18613,1,2.5209262730641058e-06,-13.975523948669434,0,0,3,2.5209262730641058e-06
95,Shooting019_x264_i3d,18614,2,1.54673966790142e-06,-14.94420337677002,0,0,3,2.5209262730641058e-06
96,Shooting021_x264_i3d,18785,0,2.3734243015383072e-08,-18.2424373626709,0,0,3,5.729619260819163e-06
96,Shooting021_x264_i3d,18786,1,4.995925451112271e-07,-15.516959190368652,0,0,3,5.729619260819163e-06
96,Shooting021_x264_i3d,18787,2,5.729619260819163e-06,-14.329370498657227,0,0,3,5.729619260819163e-06
97,Shooting022_x264_i3d,18865,0,5.732565000471368e-08,-17.363481521606445,0,0,3,5.732565000471368e-08
97,Shooting022_x264_i3d,18866,1,5.385572521277027e-08,-17.493350982666016,0,0,3,5.732565000471368e-08
97,Shooting022_x264_i3d,18867,2,5.201857788961206e-08,-17.470006942749023,0,0,3,5.732565000471368e-08
98,Shooting024_x264_i3d,19150,0,2.340268812073276e-10,-24.098020553588867,0,0,3,1.0756464607908356e-09
98,Shooting024_x264_i3d,19151,1,6.570505806102744e-10,-24.19192886352539,0,0,3,1.0756464607908356e-09
98,Shooting024_x264_i3d,19152,2,1.0756464607908356e-09,-23.489458084106445,0,0,3,1.0756464607908356e-09
99,Shooting026_x264_i3d,19276,0,7.466184615623206e-05,-11.148092269897461,0,0,3,0.0006754107307642698
99,Shooting026_x264_i3d,19277,1,0.0006754107307642698,-8.756640434265137,0,0,3,0.0006754107307642698
99,Shooting026_x264_i3d,19278,2,0.0002603652828838676,-10.717967987060547,0,0,3,0.0006754107307642698
100,Shooting028_x264_i3d,19364,0,3.1207321171677904e-09,-20.3675537109375,0,0,3,9.184068616718832e-09
100,Shooting028_x264_i3d,19365,1,4.023902988592454e-09,-20.061264038085938,0,0,3,9.184068616718832e-09
100,Shooting028_x264_i3d,19366,2,9.184068616718832e-09,-19.2665958404541,0,0,3,9.184068616718832e-09
101,Shooting032_x264_i3d,19483,0,1.1301720405754168e-05,-17.19893455505371,0,0,3,1.9456394511507824e-05
101,Shooting032_x264_i3d,19484,1,6.370473329297965e-06,-17.640531539916992,0,0,3,1.9456394511507824e-05
101,Shooting032_x264_i3d,19485,2,1.9456394511507824e-05,-17.98817253112793,0,0,3,1.9456394511507824e-05
102,Shooting033_x264_i3d,20839,0,4.0014594304693674e-08,-18.281797409057617,0,0,3,4.0014594304693674e-08
102,Shooting033_x264_i3d,20840,1,3.310307805648449e-09,-20.016691207885742,0,0,3,4.0014594304693674e-08
102,Shooting033_x264_i3d,20841,2,2.501018059319904e-09,-20.09136199951172,0,0,3,4.0014594304693674e-08
103,Shooting034_x264_i3d,21066,0,1.3653838060179169e-08,-20.676809310913086,0,0,3,5.985761504234688e-07
103,Shooting034_x264_i3d,21067,1,5.985761504234688e-07,-17.650964736938477,0,0,3,5.985761504234688e-07
103,Shooting034_x264_i3d,21068,2,1.3336236293071124e-07,-17.136667251586914,0,0,3,5.985761504234688e-07
104,Shooting037_x264_i3d,21155,0,2.0061424947925843e-06,-13.549872398376465,0,0,3,2.0061424947925843e-06
104,Shooting037_x264_i3d,21156,1,7.763259759485663e-07,-14.32258129119873,0,0,3,2.0061424947925843e-06
104,Shooting037_x264_i3d,21157,2,9.041841622092761e-07,-14.214465141296387,0,0,3,2.0061424947925843e-06
105,Shooting043_x264_i3d,21175,0,1.920883369166404e-05,-11.54289722442627,0,0,3,1.920883369166404e-05
105,Shooting043_x264_i3d,21176,1,8.158260243362747e-06,-12.209867477416992,0,0,3,1.920883369166404e-05
105,Shooting043_x264_i3d,21177,2,5.200290161155863e-06,-12.399919509887695,0,0,3,1.920883369166404e-05
106,Shooting046_x264_i3d,21293,0,7.0518190113944e-06,-11.97779655456543,0,0,3,7.0518190113944e-06
106,Shooting046_x264_i3d,21294,1,5.585531539509248e-07,-14.414382934570312,0,0,3,7.0518190113944e-06
106,Shooting046_x264_i3d,21295,2,1.4614138308388647e-06,-13.4714994430542,0,0,3,7.0518190113944e-06
107,Shooting047_x264_i3d,21611,0,2.331331216964827e-07,-15.3281831741333,0,0,3,7.151027716645331e-07
107,Shooting047_x264_i3d,21612,1,6.370962069013331e-07,-14.286002159118652,0,0,3,7.151027716645331e-07
107,Shooting047_x264_i3d,21613,2,7.151027716645331e-07,-14.175973892211914,0,0,3,7.151027716645331e-07
108,Shooting048_x264_i3d,22129,0,1.7146687696367735e-06,-15.119882583618164,0,0,3,0.0007237321115098894
108,Shooting048_x264_i3d,22130,1,1.3371503655434935e-06,-15.104089736938477,0,0,3,0.0007237321115098894
108,Shooting048_x264_i3d,22131,2,0.0007237321115098894,-10.912483215332031,0,0,3,0.0007237321115098894
109,Shoplifting001_x264_i3d,22301,0,3.99377626081332e-07,-18.954418182373047,0,0,3,4.996925895284221e-07
109,Shoplifting001_x264_i3d,22302,1,3.519053564104979e-07,-18.742462158203125,0,0,3,4.996925895284221e-07
109,Shoplifting001_x264_i3d,22303,2,4.996925895284221e-07,-18.51308250427246,0,0,3,4.996925895284221e-07
110,Shoplifting004_x264_i3d,22573,0,2.8970858693355694e-05,-13.372160911560059,0,0,3,0.00033900694688782096
110,Shoplifting004_x264_i3d,22574,1,1.5460638678632677e-05,-12.423933982849121,0,0,3,0.00033900694688782096
110,Shoplifting004_x264_i3d,22575,2,0.00033900694688782096,-10.14398193359375,0,0,3,0.00033900694688782096
111,Shoplifting005_x264_i3d,22991,0,1.2206349708776543e-07,-19.981470108032227,0,0,3,2.0405961720371124e-07
111,Shoplifting005_x264_i3d,22992,1,8.08831579490743e-09,-21.133398056030273,0,0,3,2.0405961720371124e-07
111,Shoplifting005_x264_i3d,22993,2,2.0405961720371124e-07,-19.77347183227539,0,0,3,2.0405961720371124e-07
112,Shoplifting007_x264_i3d,23114,0,0.00011427089339122176,-9.54197883605957,0,0,3,0.00014815972826909274
112,Shoplifting007_x264_i3d,23115,1,4.630256080417894e-05,-10.342536926269531,0,0,3,0.00014815972826909274
112,Shoplifting007_x264_i3d,23116,2,0.00014815972826909274,-10.233410835266113,0,0,3,0.00014815972826909274
113,Shoplifting010_x264_i3d,23435,0,1.6071052755251003e-07,-17.830936431884766,0,0,3,1.0869894140341785e-06
113,Shoplifting010_x264_i3d,23436,1,1.0869894140341785e-06,-16.59938621520996,0,0,3,1.0869894140341785e-06
113,Shoplifting010_x264_i3d,23437,2,7.628755156474654e-07,-16.88817596435547,0,0,3,1.0869894140341785e-06
114,Shoplifting015_x264_i3d,23606,0,1.1904035090992693e-07,-16.72524070739746,0,0,3,1.151942683463858e-06
114,Shoplifting015_x264_i3d,23607,1,1.151942683463858e-06,-15.431477546691895,0,0,3,1.151942683463858e-06
114,Shoplifting015_x264_i3d,23608,2,4.6496157324327214e-07,-15.644296646118164,0,0,3,1.151942683463858e-06
115,Shoplifting016_x264_i3d,23747,0,3.687871139845811e-05,-13.177456855773926,0,0,3,3.687871139845811e-05
115,Shoplifting016_x264_i3d,23748,1,1.4821255263086641e-06,-17.93080711364746,0,0,3,3.687871139845811e-05
115,Shoplifting016_x264_i3d,23749,2,9.04394639178463e-08,-19.738874435424805,0,0,3,3.687871139845811e-05
116,Shoplifting017_x264_i3d,23840,0,5.5525102737874477e-08,-20.47682762145996,0,0,3,1.1367811936224825e-07
116,Shoplifting017_x264_i3d,23841,1,5.390657165094126e-08,-18.65675163269043,0,0,3,1.1367811936224825e-07
116,Shoplifting017_x264_i3d,23842,2,1.1367811936224825e-07,-19.214967727661133,0,0,3,1.1367811936224825e-07
117,Shoplifting020_x264_i3d,23869,0,5.042866905569099e-05,-15.802990913391113,0,0,3,5.042866905569099e-05
117,Shoplifting020_x264_i3d,23870,1,6.125160325609613e-06,-17.452367782592773,0,0,3,5.042866905569099e-05
117,Shoplifting020_x264_i3d,23871,2,2.4298194603034062e-06,-18.49952507019043,0,0,3,5.042866905569099e-05
118,Shoplifting021_x264_i3d,24230,0,1.9947444798162905e-06,-14.877680778503418,0,0,3,1.1606992302404251e-05
118,Shoplifting021_x264_i3d,24231,1,5.698777840734692e-06,-14.062972068786621,0,0,3,1.1606992302404251e-05
118,Shoplifting021_x264_i3d,24232,2,1.1606992302404251e-05,-13.964526176452637,0,0,3,1.1606992302404251e-05
119,Shoplifting022_x264_i3d,24452,0,8.656640737569887e-09,-19.811771392822266,0,0,3,9.92607152028313e-09
119,Shoplifting022_x264_i3d,24453,1,9.92607152028313e-09,-19.904958724975586,0,0,3,9.92607152028313e-09
119,Shoplifting022_x264_i3d,24454,2,4.557480171030193e-09,-20.157825469970703,0,0,3,9.92607152028313e-09
120,Shoplifting027_x264_i3d,24589,0,4.3656997149810195e-05,-10.096245765686035,0,0,3,4.992273170500994e-05
120,Shoplifting027_x264_i3d,24590,1,4.6622833906440064e-05,-10.114237785339355,0,0,3,4.992273170500994e-05
120,Shoplifting027_x264_i3d,24591,2,4.992273170500994e-05,-10.088876724243164,0,0,3,4.992273170500994e-05
121,Shoplifting028_x264_i3d,24707,0,8.09521006885916e-05,-9.580557823181152,0,0,3,0.0004971941816620529
121,Shoplifting028_x264_i3d,24708,1,0.0004971941816620529,-7.87739896774292,0,0,3,0.0004971941816620529
121,Shoplifting028_x264_i3d,24709,2,0.0002290829288540408,-8.83449935913086,0,0,3,0.0004971941816620529
122,Shoplifting029_x264_i3d,24792,0,8.112326031550765e-05,-9.583296775817871,0,0,3,0.0005004284321330488
122,Shoplifting029_x264_i3d,24793,1,0.0005004284321330488,-7.871626377105713,0,0,3,0.0005004284321330488
122,Shoplifting029_x264_i3d,24794,2,0.00024428387405350804,-8.777419090270996,0,0,3,0.0005004284321330488
123,Shoplifting031_x264_i3d,24928,0,1.0706321162956556e-08,-21.348106384277344,0,0,3,1.7524435236282443e-07
123,Shoplifting031_x264_i3d,24929,1,1.3096999929018693e-08,-20.859542846679688,0,0,3,1.7524435236282443e-07
123,Shoplifting031_x264_i3d,24930,2,1.7524435236282443e-07,-19.04412841796875,0,0,3,1.7524435236282443e-07
124,Shoplifting033_x264_i3d,24956,0,0.002389799803495407,-10.841451644897461,0,0,3,0.002389799803495407
124,Shoplifting033_x264_i3d,24957,1,0.002058766083791852,-9.328085899353027,0,0,3,0.002389799803495407
124,Shoplifting033_x264_i3d,24958,2,0.0006027554045431316,-8.313384056091309,0,0,3,0.002389799803495407
125,Shoplifting034_x264_i3d,25013,0,6.007763175830405e-08,-18.382705688476562,0,0,3,1.5519940177455283e-07
125,Shoplifting034_x264_i3d,25014,1,1.4074458931645495e-07,-18.646875381469727,0,0,3,1.5519940177455283e-07
125,Shoplifting034_x264_i3d,25015,2,1.5519940177455283e-07,-18.651479721069336,0,0,3,1.5519940177455283e-07
126,Shoplifting037_x264_i3d,25760,0,0.0007294390816241503,-7.947231292724609,0,0,3,0.0016868727980181575
126,Shoplifting037_x264_i3d,25761,1,0.0016868727980181575,-6.8809494972229,0,0,3,0.0016868727980181575
126,Shoplifting037_x264_i3d,25762,2,0.00016174875781871378,-9.318873405456543,0,0,3,0.0016868727980181575
127,Shoplifting039_x264_i3d,25847,0,8.401529157708865e-06,-13.72882080078125,0,0,3,8.401529157708865e-06
127,Shoplifting039_x264_i3d,25848,1,3.3762946713977726e-06,-14.22531795501709,0,0,3,8.401529157708865e-06
127,Shoplifting039_x264_i3d,25849,2,3.163913788739592e-06,-14.004977226257324,0,0,3,8.401529157708865e-06
128,Shoplifting044_x264_i3d,26023,0,0.09097161144018173,-3.2175633907318115,0,0,3,0.09097161144018173
128,Shoplifting044_x264_i3d,26024,1,2.166969608197178e-07,-16.72560691833496,0,0,3,0.09097161144018173
128,Shoplifting044_x264_i3d,26025,2,3.7849878786744284e-09,-21.039993286132812,0,0,3,0.09097161144018173
129,Shoplifting049_x264_i3d,26933,0,0.0004844196664635092,-10.994301795959473,0,0,3,0.0015746428398415446
129,Shoplifting049_x264_i3d,26934,1,0.0011666701175272465,-11.063490867614746,0,0,3,0.0015746428398415446
129,Shoplifting049_x264_i3d,26935,2,0.0015746428398415446,-11.0136079788208,0,0,3,0.0015746428398415446
130,Stealing019_x264_i3d,27068,0,2.451249429213931e-06,-13.133256912231445,0,0,3,2.451249429213931e-06
130,Stealing019_x264_i3d,27069,1,1.3749835261478438e-06,-13.662445068359375,0,0,3,2.451249429213931e-06
130,Stealing019_x264_i3d,27070,2,1.3805871503791423e-06,-13.658709526062012,0,0,3,2.451249429213931e-06
131,Stealing036_x264_i3d,27375,0,1.0283904394725596e-08,-19.30657958984375,0,0,3,1.0283904394725596e-08
131,Stealing036_x264_i3d,27376,1,8.458049371995457e-09,-19.298263549804688,0,0,3,1.0283904394725596e-08
131,Stealing036_x264_i3d,27377,2,8.030943021708481e-09,-19.430341720581055,0,0,3,1.0283904394725596e-08
132,Stealing058_x264_i3d,27532,0,1.8687118426896632e-05,-11.126736640930176,0,0,3,8.633375546196476e-05
132,Stealing058_x264_i3d,27533,1,1.402858197252499e-05,-11.535224914550781,0,0,3,8.633375546196476e-05
132,Stealing058_x264_i3d,27534,2,8.633375546196476e-05,-9.433003425598145,0,0,3,8.633375546196476e-05
133,Stealing062_x264_i3d,27844,0,3.5256070418654417e-07,-15.909708023071289,0,0,3,2.3588438580190996e-06
133,Stealing062_x264_i3d,27845,1,9.73758915279177e-07,-15.5051851272583,0,0,3,2.3588438580190996e-06
133,Stealing062_x264_i3d,27846,2,2.3588438580190996e-06,-14.990096092224121,0,0,3,2.3588438580190996e-06
134,Stealing079_x264_i3d,27942,0,1.4582024959963746e-05,-13.536665916442871,0,0,3,1.4582024959963746e-05
134,Stealing079_x264_i3d,27943,1,9.311293069913518e-06,-13.904365539550781,0,0,3,1.4582024959963746e-05
134,Stealing079_x264_i3d,27944,2,8.611675184511114e-06,-13.763818740844727,0,0,3,1.4582024959963746e-05
135,Vandalism007_x264_i3d,28308,0,3.8574808058911e-06,-12.69083309173584,0,0,3,7.596509476570645e-06
135,Vandalism007_x264_i3d,28309,1,7.596509476570645e-06,-12.634571075439453,0,0,3,7.596509476570645e-06
135,Vandalism007_x264_i3d,28310,2,5.496683570527239e-06,-12.871466636657715,0,0,3,7.596509476570645e-06
136,Vandalism015_x264_i3d,28380,0,1.9088786302745575e-06,-18.736698150634766,0,0,3,6.419264536816627e-05
136,Vandalism015_x264_i3d,28381,1,5.9177360526518896e-05,-16.179061889648438,0,0,3,6.419264536816627e-05
136,Vandalism015_x264_i3d,28382,2,6.419264536816627e-05,-14.95053768157959,0,0,3,6.419264536816627e-05
137,Vandalism017_x264_i3d,28567,0,9.097801921598148e-06,-14.00207233428955,0,0,3,0.00042057735845446587
137,Vandalism017_x264_i3d,28568,1,0.00042057735845446587,-10.286046028137207,0,0,3,0.00042057735845446587
137,Vandalism017_x264_i3d,28569,2,1.9095099560217932e-05,-11.660983085632324,0,0,3,0.00042057735845446587
138,Vandalism028_x264_i3d,28631,0,3.9264294173335657e-05,-12.66919231414795,0,0,3,3.9264294173335657e-05
138,Vandalism028_x264_i3d,28632,1,1.8986833310918882e-05,-13.439035415649414,0,0,3,3.9264294173335657e-05
138,Vandalism028_x264_i3d,28633,2,2.1337791622499935e-05,-12.784842491149902,0,0,3,3.9264294173335657e-05
139,Vandalism036_x264_i3d,28912,0,2.4970470136054246e-08,-20.51099967956543,0,0,3,4.087546301434486e-07
139,Vandalism036_x264_i3d,28913,1,4.087546301434486e-07,-17.53000831604004,0,0,3,4.087546301434486e-07
139,Vandalism036_x264_i3d,28914,2,1.8778939647745574e-07,-16.910968780517578,0,0,3,4.087546301434486e-07
140,Normal_Videos_003_x264_i3d,29003,0,0.0012068833457306027,-7.016663551330566,0,0,3,0.0012068833457306027
140,Normal_Videos_003_x264_i3d,29004,1,0.000138123010401614,-9.649601936340332,0,0,3,0.0012068833457306027
140,Normal_Videos_003_x264_i3d,29005,2,2.0845147446379997e-05,-12.566920280456543,0,0,3,0.0012068833457306027
141,Normal_Videos_006_x264_i3d,29180,0,1.1494152157842663e-10,-23.525419235229492,0,0,3,1.1494152157842663e-10
141,Normal_Videos_006_x264_i3d,29181,1,1.1334340410673605e-10,-23.97768211364746,0,0,3,1.1494152157842663e-10
141,Normal_Videos_006_x264_i3d,29182,2,4.8383953094033316e-11,-24.142194747924805,0,0,3,1.1494152157842663e-10
142,Normal_Videos_010_x264_i3d,29209,0,4.626178451871965e-06,-12.791258811950684,0,0,3,7.300094239326427e-06
142,Normal_Videos_010_x264_i3d,29210,1,7.227264973153069e-07,-14.995205879211426,0,0,3,7.300094239326427e-06
142,Normal_Videos_010_x264_i3d,29211,2,7.300094239326427e-06,-12.842535972595215,0,0,3,7.300094239326427e-06
143,Normal_Videos_014_x264_i3d,29275,0,0.007484332658350468,-7.446798801422119,0,0,3,0.007484332658350468
143,Normal_Videos_014_x264_i3d,29276,1,0.0006646923720836639,-8.844976425170898,0,0,3,0.007484332658350468
143,Normal_Videos_014_x264_i3d,29277,2,0.006104126572608948,-7.0598578453063965,0,0,3,0.007484332658350468
144,Normal_Videos_015_x264_i3d,29369,0,2.8438011213438585e-05,-11.435663223266602,0,0,3,2.8438011213438585e-05
144,Normal_Videos_015_x264_i3d,29370,1,1.1019528756150976e-05,-12.21092414855957,0,0,3,2.8438011213438585e-05
144,Normal_Videos_015_x264_i3d,29371,2,7.048086445138324e-06,-12.741826057434082,0,0,3,2.8438011213438585e-05
145,Normal_Videos_018_x264_i3d,29399,0,2.294871137564769e-07,-16.415767669677734,0,0,3,2.462356860633008e-07
145,Normal_Videos_018_x264_i3d,29400,1,2.075287284242222e-07,-17.18015480041504,0,0,3,2.462356860633008e-07
145,Normal_Videos_018_x264_i3d,29401,2,2.462356860633008e-07,-16.53004264831543,0,0,3,2.462356860633008e-07
146,Normal_Videos_019_x264_i3d,29473,0,1.8855264016792717e-08,-18.558706283569336,0,0,3,4.6469100567492205e-08
146,Normal_Videos_019_x264_i3d,29474,1,2.0444387516249662e-08,-18.5989990234375,0,0,3,4.6469100567492205e-08
146,Normal_Videos_019_x264_i3d,29475,2,4.6469100567492205e-08,-18.307384490966797,0,0,3,4.6469100567492205e-08
147,Normal_Videos_024_x264_i3d,29651,0,5.243907708063489e-07,-17.85762596130371,0,0,3,5.243907708063489e-07
147,Normal_Videos_024_x264_i3d,29652,1,1.1675868272220669e-08,-19.208913803100586,0,0,3,5.243907708063489e-07
147,Normal_Videos_024_x264_i3d,29653,2,8.399541506776131e-09,-19.04104995727539,0,0,3,5.243907708063489e-07
148,Normal_Videos_025_x264_i3d,29719,0,0.0001227584871230647,-10.227444648742676,0,0,3,0.00022045460355002433
148,Normal_Videos_025_x264_i3d,29720,1,0.00022045460355002433,-9.90591049194336,0,0,3,0.00022045460355002433
148,Normal_Videos_025_x264_i3d,29721,2,0.0001429501426173374,-9.798158645629883,0,0,3,0.00022045460355002433
149,Normal_Videos_027_x264_i3d,29757,0,3.226243643439375e-05,-12.540191650390625,0,0,3,3.226243643439375e-05
149,Normal_Videos_027_x264_i3d,29758,1,2.7602739010035293e-06,-14.685345649719238,0,0,3,3.226243643439375e-05
149,Normal_Videos_027_x264_i3d,29759,2,6.91675904818112e-06,-13.776408195495605,0,0,3,3.226243643439375e-05
150,Normal_Videos_033_x264_i3d,30065,0,2.390598581314407e-07,-17.77702522277832,0,0,3,2.93567637754677e-07
150,Normal_Videos_033_x264_i3d,30066,1,2.93567637754677e-07,-17.802221298217773,0,0,3,2.93567637754677e-07
150,Normal_Videos_033_x264_i3d,30067,2,2.7991492856926925e-07,-17.76385498046875,0,0,3,2.93567637754677e-07
151,Normal_Videos_034_x264_i3d,30170,0,3.3212347716471413e-07,-15.577168464660645,0,0,3,3.3212347716471413e-07
151,Normal_Videos_034_x264_i3d,30171,1,5.677382119984031e-08,-17.6044921875,0,0,3,3.3212347716471413e-07
151,Normal_Videos_034_x264_i3d,30172,2,1.6543805259061628e-07,-16.085432052612305,0,0,3,3.3212347716471413e-07
152,Normal_Videos_041_x264_i3d,30253,0,0.00014315008593257517,-10.249423027038574,0,0,3,0.00014315008593257517
152,Normal_Videos_041_x264_i3d,30254,1,2.1562795154750347e-05,-13.7900390625,0,0,3,0.00014315008593257517
152,Normal_Videos_041_x264_i3d,30255,2,3.661693426693091e-06,-14.252901077270508,0,0,3,0.00014315008593257517
153,Normal_Videos_042_x264_i3d,30333,0,0.00025538119371049106,-13.886093139648438,0,0,3,0.0003825669700745493
153,Normal_Videos_042_x264_i3d,30334,1,0.0003825669700745493,-13.799285888671875,0,0,3,0.0003825669700745493
153,Normal_Videos_042_x264_i3d,30335,2,0.00017450864834245294,-12.893832206726074,0,0,3,0.0003825669700745493
154,Normal_Videos_048_x264_i3d,30531,0,4.629912382370094e-06,-13.315057754516602,0,0,3,4.629912382370094e-06
154,Normal_Videos_048_x264_i3d,30532,1,3.7347861052694498e-06,-13.536578178405762,0,0,3,4.629912382370094e-06
154,Normal_Videos_048_x264_i3d,30533,2,4.5023684833722655e-06,-13.120131492614746,0,0,3,4.629912382370094e-06
155,Normal_Videos_050_x264_i3d,30635,0,9.103318099334956e-09,-19.598283767700195,0,0,3,1.927408810331599e-08
155,Normal_Videos_050_x264_i3d,30636,1,6.084623915825205e-09,-19.656620025634766,0,0,3,1.927408810331599e-08
155,Normal_Videos_050_x264_i3d,30637,2,1.927408810331599e-08,-18.526613235473633,0,0,3,1.927408810331599e-08
156,Normal_Videos_051_x264_i3d,30898,0,1.3789882586934255e-06,-14.835123062133789,0,0,3,1.3789882586934255e-06
156,Normal_Videos_051_x264_i3d,30899,1,4.832237436858122e-07,-15.09399700164795,0,0,3,1.3789882586934255e-06
156,Normal_Videos_051_x264_i3d,30900,2,1.5220635418700112e-07,-16.78923988342285,0,0,3,1.3789882586934255e-06
157,Normal_Videos_056_x264_i3d,31046,0,1.2062996823658523e-08,-19.76728630065918,0,0,3,5.145207637724525e-07
157,Normal_Videos_056_x264_i3d,31047,1,5.145207637724525e-07,-17.230865478515625,0,0,3,5.145207637724525e-07
157,Normal_Videos_056_x264_i3d,31048,2,4.40496634723786e-08,-18.05402946472168,0,0,3,5.145207637724525e-07
158,Normal_Videos_059_x264_i3d,31145,0,2.1536220629059244e-06,-15.298407554626465,0,0,3,4.299095962778665e-05
158,Normal_Videos_059_x264_i3d,31146,1,2.1742278022429673e-06,-15.965964317321777,0,0,3,4.299095962778665e-05
158,Normal_Videos_059_x264_i3d,31147,2,4.299095962778665e-05,-14.8130464553833,0,0,3,4.299095962778665e-05
159,Normal_Videos_063_x264_i3d,31260,0,0.0001739106810418889,-11.435317039489746,0,0,3,0.001121603767387569
159,Normal_Videos_063_x264_i3d,31261,1,0.0007488095434382558,-9.948294639587402,0,0,3,0.001121603767387569
159,Normal_Videos_063_x264_i3d,31262,2,0.001121603767387569,-9.072474479675293,0,0,3,0.001121603767387569
160,Normal_Videos_067_x264_i3d,31283,0,0.10066340118646622,-5.806009769439697,0,0,3,0.10066340118646622
160,Normal_Videos_067_x264_i3d,31284,1,0.004130565095692873,-8.928866386413574,0,0,3,0.10066340118646622
160,Normal_Videos_067_x264_i3d,31285,2,0.0007383811171166599,-8.074430465698242,0,0,3,0.10066340118646622
161,Normal_Videos_070_x264_i3d,31350,0,0.0038048741407692432,-7.382566928863525,0,0,3,0.019770001992583275
161,Normal_Videos_070_x264_i3d,31351,1,0.019770001992583275,-6.295729160308838,0,0,3,0.019770001992583275
161,Normal_Videos_070_x264_i3d,31352,2,0.009953858330845833,-6.017588138580322,0,0,3,0.019770001992583275
162,Normal_Videos_100_x264_i3d,31413,0,2.3414745555783156e-06,-15.255545616149902,0,0,3,2.3414745555783156e-06
162,Normal_Videos_100_x264_i3d,31414,1,1.3299869578986545e-06,-15.53177547454834,0,0,3,2.3414745555783156e-06
162,Normal_Videos_100_x264_i3d,31415,2,1.7337190456601093e-06,-15.36505126953125,0,0,3,2.3414745555783156e-06
163,Normal_Videos_129_x264_i3d,31453,0,8.341415558277276e-09,-19.758657455444336,0,0,3,3.537468273862032e-08
163,Normal_Videos_129_x264_i3d,31454,1,3.537468273862032e-08,-19.05439567565918,0,0,3,3.537468273862032e-08
163,Normal_Videos_129_x264_i3d,31455,2,7.628599085762744e-09,-19.347639083862305,0,0,3,3.537468273862032e-08
164,Normal_Videos_150_x264_i3d,31483,0,0.00205044262111187,-7.770848274230957,0,0,3,0.00205044262111187
164,Normal_Videos_150_x264_i3d,31484,1,0.000274837453616783,-8.90131664276123,0,0,3,0.00205044262111187
164,Normal_Videos_150_x264_i3d,31485,2,0.00014454303891398013,-9.807601928710938,0,0,3,0.00205044262111187
165,Normal_Videos_168_x264_i3d,31537,0,9.677997877588496e-05,-15.108075141906738,0,0,3,0.00011003809049725533
165,Normal_Videos_168_x264_i3d,31538,1,0.00011003809049725533,-14.682037353515625,0,0,3,0.00011003809049725533
165,Normal_Videos_168_x264_i3d,31539,2,1.1233839359192643e-05,-14.914639472961426,0,0,3,0.00011003809049725533
166,Normal_Videos_175_x264_i3d,31646,0,2.6959076748767075e-08,-18.544321060180664,0,0,3,4.647675814339891e-05
166,Normal_Videos_175_x264_i3d,31647,1,4.647675814339891e-05,-15.57922077178955,0,0,3,4.647675814339891e-05
166,Normal_Videos_175_x264_i3d,31648,2,4.709120275947498e-06,-16.25026512145996,0,0,3,4.647675814339891e-05
167,Normal_Videos_182_x264_i3d,32199,0,6.190091550450916e-09,-20.974294662475586,0,0,3,6.198310309457611e-09
167,Normal_Videos_182_x264_i3d,32200,1,6.198310309457611e-09,-20.946216583251953,0,0,3,6.198310309457611e-09
167,Normal_Videos_182_x264_i3d,32201,2,5.956976689702742e-09,-20.740812301635742,0,0,3,6.198310309457611e-09
168,Normal_Videos_189_x264_i3d,32455,0,1.5954954506014474e-05,-11.878438949584961,0,0,3,1.6941097783274017e-05
168,Normal_Videos_189_x264_i3d,32456,1,1.6941097783274017e-05,-11.913182258605957,0,0,3,1.6941097783274017e-05
168,Normal_Videos_189_x264_i3d,32457,2,1.4072614249016624e-05,-12.0343656539917,0,0,3,1.6941097783274017e-05
169,Normal_Videos_196_x264_i3d,32502,0,2.3171178327174857e-05,-12.454911231994629,0,0,3,2.3171178327174857e-05
169,Normal_Videos_196_x264_i3d,32503,1,7.788871698721778e-06,-14.1239652633667,0,0,3,2.3171178327174857e-05
169,Normal_Videos_196_x264_i3d,32504,2,9.855921234702691e-07,-15.159525871276855,0,0,3,2.3171178327174857e-05
170,Normal_Videos_203_x264_i3d,32628,0,1.7841765398429743e-08,-18.537817001342773,0,0,3,2.5750848564598527e-08
170,Normal_Videos_203_x264_i3d,32629,1,2.5750848564598527e-08,-18.18407440185547,0,0,3,2.5750848564598527e-08
170,Normal_Videos_203_x264_i3d,32630,2,1.929541326717299e-08,-18.194616317749023,0,0,3,2.5750848564598527e-08
171,Normal_Videos_210_x264_i3d,32789,0,3.7029415125289233e-06,-14.186450004577637,0,0,3,6.8133131208014674e-06
171,Normal_Videos_210_x264_i3d,32790,1,6.8133131208014674e-06,-13.561660766601562,0,0,3,6.8133131208014674e-06
171,Normal_Videos_210_x264_i3d,32791,2,3.7852191780984867e-06,-13.776415824890137,0,0,3,6.8133131208014674e-06
172,Normal_Videos_217_x264_i3d,33127,0,7.666649537441117e-09,-21.6612548828125,0,0,3,1.6200274899347278e-08
172,Normal_Videos_217_x264_i3d,33128,1,1.6200274899347278e-08,-21.427387237548828,0,0,3,1.6200274899347278e-08
172,Normal_Videos_217_x264_i3d,33129,2,1.248500769435168e-08,-22.444629669189453,0,0,3,1.6200274899347278e-08
173,Normal_Videos_224_x264_i3d,33241,0,9.89897580438992e-06,-14.5580472946167,0,0,3,0.0003690748999360949
173,Normal_Videos_224_x264_i3d,33242,1,9.335263712273445e-06,-14.820731163024902,0,0,3,0.0003690748999360949
173,Normal_Videos_224_x264_i3d,33243,2,0.0003690748999360949,-11.19768238067627,0,0,3,0.0003690748999360949
174,Normal_Videos_246_x264_i3d,33676,0,9.857109262156882e-08,-18.040592193603516,0,0,3,2.366796934438753e-06
174,Normal_Videos_246_x264_i3d,33677,1,2.366796934438753e-06,-15.163710594177246,0,0,3,2.366796934438753e-06
174,Normal_Videos_246_x264_i3d,33678,2,6.570955406459689e-07,-15.922080039978027,0,0,3,2.366796934438753e-06
175,Normal_Videos_247_x264_i3d,33989,0,1.87498628179128e-07,-17.962467193603516,0,0,3,3.5929957675762125e-07
175,Normal_Videos_247_x264_i3d,33990,1,6.407717023648729e-08,-18.355464935302734,0,0,3,3.5929957675762125e-07
175,Normal_Videos_247_x264_i3d,33991,2,3.5929957675762125e-07,-15.790109634399414,0,0,3,3.5929957675762125e-07
176,Normal_Videos_248_x264_i3d,34503,0,1.972212260170636e-07,-16.586654663085938,0,0,3,2.2534355537118245e-07
176,Normal_Videos_248_x264_i3d,34504,1,2.1204959921306e-07,-16.526046752929688,0,0,3,2.2534355537118245e-07
176,Normal_Videos_248_x264_i3d,34505,2,2.2534355537118245e-07,-16.403671264648438,0,0,3,2.2534355537118245e-07
177,Normal_Videos_251_x264_i3d,34575,0,2.2379606434697052e-06,-14.48013973236084,0,0,3,1.3932723049947526e-05
177,Normal_Videos_251_x264_i3d,34576,1,5.070536190032726e-06,-14.139076232910156,0,0,3,1.3932723049947526e-05
177,Normal_Videos_251_x264_i3d,34577,2,1.3932723049947526e-05,-13.809962272644043,0,0,3,1.3932723049947526e-05
178,Normal_Videos_289_x264_i3d,34601,0,1.55479670804759e-10,-24.78459930419922,0,0,3,1.002070160183166e-08
178,Normal_Videos_289_x264_i3d,34602,1,1.8727706885268702e-10,-23.239885330200195,0,0,3,1.002070160183166e-08
178,Normal_Videos_289_x264_i3d,34603,2,1.002070160183166e-08,-20.140207290649414,0,0,3,1.002070160183166e-08
179,Normal_Videos_310_x264_i3d,34655,0,0.004931137431412935,-6.408543586730957,0,0,3,0.04776443913578987
179,Normal_Videos_310_x264_i3d,34656,1,0.018937600776553154,-4.698550701141357,0,0,3,0.04776443913578987
179,Normal_Videos_310_x264_i3d,34657,2,0.04776443913578987,-3.6083247661590576,0,0,3,0.04776443913578987
180,Normal_Videos_312_x264_i3d,34813,0,1.365094476568629e-06,-14.228032112121582,0,0,3,2.9364737201831304e-05
180,Normal_Videos_312_x264_i3d,34814,1,2.852309808076825e-05,-11.43105697631836,0,0,3,2.9364737201831304e-05
180,Normal_Videos_312_x264_i3d,34815,2,2.9364737201831304e-05,-11.741607666015625,0,0,3,2.9364737201831304e-05
181,Normal_Videos_317_x264_i3d,34892,0,3.2047744458196803e-09,-21.763463973999023,0,0,3,3.2047744458196803e-09
181,Normal_Videos_317_x264_i3d,34893,1,2.037357393902539e-09,-21.877965927124023,0,0,3,3.2047744458196803e-09
181,Normal_Videos_317_x264_i3d,34894,2,1.4927071800840963e-09,-22.142797470092773,0,0,3,3.2047744458196803e-09
182,Normal_Videos_345_x264_i3d,34951,0,6.085219439455614e-09,-19.146146774291992,0,0,3,3.7199750835270606e-08
182,Normal_Videos_345_x264_i3d,34952,1,3.7199750835270606e-08,-18.131620407104492,0,0,3,3.7199750835270606e-08
182,Normal_Videos_345_x264_i3d,34953,2,2.3941527871329527e-08,-18.165584564208984,0,0,3,3.7199750835270606e-08
183,Normal_Videos_352_x264_i3d,34965,0,4.804001491720555e-06,-13.846366882324219,0,0,3,4.804001491720555e-06
183,Normal_Videos_352_x264_i3d,34966,1,4.050427833135473e-06,-13.727975845336914,0,0,3,4.804001491720555e-06
183,Normal_Videos_352_x264_i3d,34967,2,1.3990576235300978e-06,-14.246237754821777,0,0,3,4.804001491720555e-06
184,Normal_Videos_360_x264_i3d,35303,0,2.7787441680970915e-08,-18.326902389526367,0,0,3,2.7787441680970915e-08
184,Normal_Videos_360_x264_i3d,35304,1,1.6495276256023317e-08,-18.810283660888672,0,0,3,2.7787441680970915e-08
184,Normal_Videos_360_x264_i3d,35305,2,1.767668145191692e-08,-19.310388565063477,0,0,3,2.7787441680970915e-08
185,Normal_Videos_365_x264_i3d,35365,0,0.0005707350792363286,-9.82177448272705,0,0,3,0.0005707350792363286
185,Normal_Videos_365_x264_i3d,35366,1,3.0986852834757883e-06,-15.035501480102539,0,0,3,0.0005707350792363286
185,Normal_Videos_365_x264_i3d,35367,2,3.36896009685006e-05,-12.976714134216309,0,0,3,0.0005707350792363286
186,Normal_Videos_401_x264_i3d,35780,0,1.4529875613789045e-07,-17.207868576049805,0,0,3,2.0645282461373426e-07
186,Normal_Videos_401_x264_i3d,35781,1,1.0213314283191721e-07,-17.240468978881836,0,0,3,2.0645282461373426e-07
186,Normal_Videos_401_x264_i3d,35782,2,2.0645282461373426e-07,-16.985031127929688,0,0,3,2.0645282461373426e-07
187,Normal_Videos_417_x264_i3d,35882,0,2.2131947844172828e-05,-12.233704566955566,0,0,3,2.6248189897160046e-05
187,Normal_Videos_417_x264_i3d,35883,1,2.6248189897160046e-05,-12.789522171020508,0,0,3,2.6248189897160046e-05
187,Normal_Videos_417_x264_i3d,35884,2,1.109402182919439e-05,-13.210003852844238,0,0,3,2.6248189897160046e-05
188,Normal_Videos_439_x264_i3d,35950,0,2.6458787938388184e-10,-23.7392520904541,0,0,3,2.6458787938388184e-10
188,Normal_Videos_439_x264_i3d,35951,1,2.995628398116956e-11,-25.1944522857666,0,0,3,2.6458787938388184e-10
188,Normal_Videos_439_x264_i3d,35952,2,2.0225832120246423e-10,-24.749210357666016,0,0,3,2.6458787938388184e-10
189,Normal_Videos_452_x264_i3d,36215,0,1.473679049013299e-06,-15.447272300720215,0,0,3,2.0324348497524625e-06
189,Normal_Videos_452_x264_i3d,36216,1,2.0324348497524625e-06,-15.033365249633789,0,0,3,2.0324348497524625e-06
189,Normal_Videos_452_x264_i3d,36217,2,1.3571252566180192e-07,-16.788379669189453,0,0,3,2.0324348497524625e-06
190,Normal_Videos_453_x264_i3d,36243,0,7.275690716568306e-09,-19.7637996673584,0,0,3,1.2128467119509878e-08
190,Normal_Videos_453_x264_i3d,36244,1,1.2128467119509878e-08,-19.555313110351562,0,0,3,1.2128467119509878e-08
190,Normal_Videos_453_x264_i3d,36245,2,3.051743746596003e-09,-21.279396057128906,0,0,3,1.2128467119509878e-08
191,Normal_Videos_478_x264_i3d,36576,0,1.8757045836537145e-05,-14.70444393157959,0,0,3,1.8757045836537145e-05
191,Normal_Videos_478_x264_i3d,36577,1,3.407134485655661e-08,-17.665340423583984,0,0,3,1.8757045836537145e-05
191,Normal_Videos_478_x264_i3d,36578,2,2.478366695868317e-06,-13.8031587600708,0,0,3,1.8757045836537145e-05
192,Normal_Videos_576_x264_i3d,36858,0,5.919966042711167e-06,-15.957907676696777,0,0,3,5.919966042711167e-06
192,Normal_Videos_576_x264_i3d,36859,1,4.576847913995152e-06,-16.405712127685547,0,0,3,5.919966042711167e-06
192,Normal_Videos_576_x264_i3d,36860,2,2.0604850305971922e-06,-16.688413619995117,0,0,3,5.919966042711167e-06
193,Normal_Videos_597_x264_i3d,37563,0,6.751426440132491e-07,-15.739450454711914,0,0,3,0.0020125817973166704
193,Normal_Videos_597_x264_i3d,37564,1,0.0006898249848745763,-13.916116714477539,0,0,3,0.0020125817973166704
193,Normal_Videos_597_x264_i3d,37565,2,0.0020125817973166704,-10.715689659118652,0,0,3,0.0020125817973166704
194,Normal_Videos_603_x264_i3d,37703,0,5.92263766918677e-08,-17.1063289642334,0,0,3,5.92263766918677e-08
194,Normal_Videos_603_x264_i3d,37704,1,1.3654221753256479e-08,-18.836807250976562,0,0,3,5.92263766918677e-08
194,Normal_Videos_603_x264_i3d,37705,2,2.5450706431229264e-08,-18.58847999572754,0,0,3,5.92263766918677e-08
195,Normal_Videos_606_x264_i3d,37908,0,2.17437536775833e-05,-11.756576538085938,0,0,3,2.17437536775833e-05
195,Normal_Videos_606_x264_i3d,37909,1,2.74933722721471e-06,-13.828694343566895,0,0,3,2.17437536775833e-05
195,Normal_Videos_606_x264_i3d,37910,2,1.5657072935937322e-06,-14.814183235168457,0,0,3,2.17437536775833e-05
196,Normal_Videos_621_x264_i3d,37986,0,8.182119017874356e-06,-13.917825698852539,0,0,3,8.182119017874356e-06
196,Normal_Videos_621_x264_i3d,37987,1,1.2280676173759275e-06,-14.34385871887207,0,0,3,8.182119017874356e-06
196,Normal_Videos_621_x264_i3d,37988,2,8.782125746620295e-07,-14.605331420898438,0,0,3,8.182119017874356e-06
197,Normal_Videos_634_x264_i3d,38287,0,1.549942680867389e-05,-12.288012504577637,0,0,3,1.549942680867389e-05
197,Normal_Videos_634_x264_i3d,38288,1,1.111170513468096e-05,-12.502272605895996,0,0,3,1.549942680867389e-05
197,Normal_Videos_634_x264_i3d,38289,2,9.837846846494358e-06,-12.59267520904541,0,0,3,1.549942680867389e-05
198,Normal_Videos_641_x264_i3d,39129,0,1.2100386811653152e-05,-13.369501113891602,0,0,3,1.2100386811653152e-05
198,Normal_Videos_641_x264_i3d,39130,1,1.213044953374265e-07,-16.816728591918945,0,0,3,1.2100386811653152e-05
198,Normal_Videos_641_x264_i3d,39131,2,6.292990661904696e-08,-17.01152992248535,0,0,3,1.2100386811653152e-05
199,Normal_Videos_656_x264_i3d,39354,0,1.5321360251618898e-06,-14.529512405395508,0,0,3,2.3618867999175563e-06
199,Normal_Videos_656_x264_i3d,39355,1,2.3618867999175563e-06,-14.446182250976562,0,0,3,2.3618867999175563e-06
199,Normal_Videos_656_x264_i3d,39356,2,1.549534658806806e-06,-14.414639472961426,0,0,3,2.3618867999175563e-06
200,Normal_Videos_686_x264_i3d,39468,0,3.6869907489744946e-05,-13.246164321899414,0,0,3,3.6869907489744946e-05
200,Normal_Videos_686_x264_i3d,39469,1,1.0748181011877023e-06,-14.668161392211914,0,0,3,3.6869907489744946e-05
200,Normal_Videos_686_x264_i3d,39470,2,1.5428428014274687e-05,-12.918118476867676,0,0,3,3.6869907489744946e-05
201,Normal_Videos_696_x264_i3d,39619,0,2.931154313046136e-06,-16.73209571838379,0,0,3,2.931154313046136e-06
201,Normal_Videos_696_x264_i3d,39620,1,1.3580971653937013e-06,-18.938674926757812,0,0,3,2.931154313046136e-06
201,Normal_Videos_696_x264_i3d,39621,2,1.3841147783466567e-08,-20.963376998901367,0,0,3,2.931154313046136e-06
202,Normal_Videos_702_x264_i3d,39846,0,3.7671634345315397e-06,-14.191690444946289,0,0,3,5.587625764746917e-06
202,Normal_Videos_702_x264_i3d,39847,1,5.587625764746917e-06,-13.864727973937988,0,0,3,5.587625764746917e-06
202,Normal_Videos_702_x264_i3d,39848,2,4.02309433411574e-06,-13.614013671875,0,0,3,5.587625764746917e-06
203,Normal_Videos_704_x264_i3d,40004,0,1.4314404097603983e-06,-15.642407417297363,0,0,3,1.4314404097603983e-06
203,Normal_Videos_704_x264_i3d,40005,1,2.501377309727104e-07,-16.180889129638672,0,0,3,1.4314404097603983e-06
203,Normal_Videos_704_x264_i3d,40006,2,4.3107394276376e-07,-16.182281494140625,0,0,3,1.4314404097603983e-06
204,Normal_Videos_710_x264_i3d,40110,0,1.951773143105129e-08,-19.445404052734375,0,0,3,2.538803585139249e-07
204,Normal_Videos_710_x264_i3d,40111,1,3.81200777610502e-08,-20.814712524414062,0,0,3,2.538803585139249e-07
204,Normal_Videos_710_x264_i3d,40112,2,2.538803585139249e-07,-18.360212326049805,0,0,3,2.538803585139249e-07
205,Normal_Videos_717_x264_i3d,40223,0,1.150952163436747e-12,-29.070636749267578,0,0,3,1.2401694254871032e-12
205,Normal_Videos_717_x264_i3d,40224,1,1.2401694254871032e-12,-28.969213485717773,0,0,3,1.2401694254871032e-12
205,Normal_Videos_717_x264_i3d,40225,2,1.0911255622983451e-12,-29.08864402770996,0,0,3,1.2401694254871032e-12
206,Normal_Videos_722_x264_i3d,40302,0,2.050795799846128e-08,-21.25564193725586,0,0,3,2.699386492110989e-08
206,Normal_Videos_722_x264_i3d,40303,1,2.699386492110989e-08,-20.76846694946289,0,0,3,2.699386492110989e-08
206,Normal_Videos_722_x264_i3d,40304,2,9.626233143933405e-09,-21.411203384399414,0,0,3,2.699386492110989e-08
207,Normal_Videos_725_x264_i3d,40848,0,3.353002568928787e-07,-17.239370346069336,0,0,3,6.393387934622297e-07
207,Normal_Videos_725_x264_i3d,40849,1,6.393387934622297e-07,-17.052045822143555,0,0,3,6.393387934622297e-07
207,Normal_Videos_725_x264_i3d,40850,2,5.088242573947355e-07,-17.101713180541992,0,0,3,6.393387934622297e-07
208,Normal_Videos_745_x264_i3d,40906,0,0.010424477979540825,-5.340056896209717,0,0,3,0.015425591729581356
208,Normal_Videos_745_x264_i3d,40907,1,0.009615832939743996,-5.397147178649902,0,0,3,0.015425591729581356
208,Normal_Videos_745_x264_i3d,40908,2,0.015425591729581356,-4.8660197257995605,0,0,3,0.015425591729581356
209,Normal_Videos_758_x264_i3d,40926,0,3.05457035665313e-07,-17.898792266845703,0,0,3,1.246712236024905e-05
209,Normal_Videos_758_x264_i3d,40927,1,2.628504489621264e-07,-17.450576782226562,0,0,3,1.246712236024905e-05
209,Normal_Videos_758_x264_i3d,40928,2,1.246712236024905e-05,-15.053812980651855,0,0,3,1.246712236024905e-05
210,Normal_Videos_778_x264_i3d,41026,0,3.2031136925070314e-06,-13.214807510375977,0,0,3,3.2031136925070314e-06
210,Normal_Videos_778_x264_i3d,41027,1,2.617541895233444e-06,-13.746591567993164,0,0,3,3.2031136925070314e-06
210,Normal_Videos_778_x264_i3d,41028,2,1.8443014369040611e-06,-13.729838371276855,0,0,3,3.2031136925070314e-06
211,Normal_Videos_780_x264_i3d,41105,0,2.6385851015220396e-07,-17.18805503845215,0,0,3,7.613748948642751e-06
211,Normal_Videos_780_x264_i3d,41106,1,1.173196437775914e-06,-15.267172813415527,0,0,3,7.613748948642751e-06
211,Normal_Videos_780_x264_i3d,41107,2,7.613748948642751e-06,-13.563430786132812,0,0,3,7.613748948642751e-06
212,Normal_Videos_781_x264_i3d,41232,0,5.37777054887556e-07,-14.964241027832031,0,0,3,2.5846809876384214e-05
212,Normal_Videos_781_x264_i3d,41233,1,5.9757931012427434e-06,-13.58084774017334,0,0,3,2.5846809876384214e-05
212,Normal_Videos_781_x264_i3d,41234,2,2.5846809876384214e-05,-13.333795547485352,0,0,3,2.5846809876384214e-05
213,Normal_Videos_782_x264_i3d,41481,0,9.896250958263408e-06,-11.89357852935791,0,0,3,0.0010718678822740912
213,Normal_Videos_782_x264_i3d,41482,1,0.00037713669007644057,-8.71111011505127,0,0,3,0.0010718678822740912
213,Normal_Videos_782_x264_i3d,41483,2,0.0010718678822740912,-7.232795715332031,0,0,3,0.0010718678822740912
214,Normal_Videos_783_x264_i3d,41828,0,1.7116003903083765e-07,-17.561067581176758,0,0,3,1.3219158972788136e-05
214,Normal_Videos_783_x264_i3d,41829,1,2.3257022974121355e-07,-16.50472640991211,0,0,3,1.3219158972788136e-05
214,Normal_Videos_783_x264_i3d,41830,2,1.3219158972788136e-05,-15.231921195983887,0,0,3,1.3219158972788136e-05
215,Normal_Videos_798_x264_i3d,42428,0,1.1868344529375463e-08,-20.526758193969727,0,0,3,1.2480174227391672e-08
215,Normal_Videos_798_x264_i3d,42429,1,1.2480174227391672e-08,-20.453556060791016,0,0,3,1.2480174227391672e-08
215,Normal_Videos_798_x264_i3d,42430,2,9.057997907291337e-09,-20.941665649414062,0,0,3,1.2480174227391672e-08
216,Normal_Videos_801_x264_i3d,42804,0,1.869037191681855e-08,-20.131162643432617,0,0,3,1.869037191681855e-08
216,Normal_Videos_801_x264_i3d,42805,1,1.0349078038984771e-08,-21.126710891723633,0,0,3,1.869037191681855e-08
216,Normal_Videos_801_x264_i3d,42806,2,7.449618699695293e-09,-20.112808227539062,0,0,3,1.869037191681855e-08
217,Normal_Videos_828_x264_i3d,42976,0,2.0375344078615854e-08,-18.11893653869629,0,0,3,2.7681772962750983e-07
217,Normal_Videos_828_x264_i3d,42977,1,2.7681772962750983e-07,-15.275070190429688,0,0,3,2.7681772962750983e-07
217,Normal_Videos_828_x264_i3d,42978,2,2.1274072992127913e-07,-16.081754684448242,0,0,3,2.7681772962750983e-07
218,Normal_Videos_831_x264_i3d,43035,0,4.5245647584124526e-07,-14.89612102508545,0,0,3,4.5245647584124526e-07
218,Normal_Videos_831_x264_i3d,43036,1,4.1699550479279424e-07,-14.943663597106934,0,0,3,4.5245647584124526e-07
218,Normal_Videos_831_x264_i3d,43037,2,3.6398498082235164e-07,-15.053004264831543,0,0,3,4.5245647584124526e-07
219,Normal_Videos_866_x264_i3d,43063,0,1.1257698773192715e-08,-20.43552017211914,0,0,3,1.1257698773192715e-08
219,Normal_Videos_866_x264_i3d,43064,1,5.708357120326468e-10,-22.6650447845459,0,0,3,1.1257698773192715e-08
219,Normal_Videos_866_x264_i3d,43065,2,4.6453321744799325e-10,-22.754112243652344,0,0,3,1.1257698773192715e-08
220,Normal_Videos_867_x264_i3d,43138,0,1.0329142696718918e-06,-14.88000202178955,0,0,3,1.0329142696718918e-06
220,Normal_Videos_867_x264_i3d,43139,1,6.60523426176951e-07,-18.693870544433594,0,0,3,1.0329142696718918e-06
220,Normal_Videos_867_x264_i3d,43140,2,1.7420130404843803e-07,-18.85658073425293,0,0,3,1.0329142696718918e-06
221,Normal_Videos_868_x264_i3d,43177,0,1.3819470950693358e-05,-13.1214599609375,0,0,3,1.3819470950693358e-05
221,Normal_Videos_868_x264_i3d,43178,1,9.340541510027833e-06,-13.190179824829102,0,0,3,1.3819470950693358e-05
221,Normal_Videos_868_x264_i3d,43179,2,1.0963261956931092e-05,-13.032464981079102,0,0,3,1.3819470950693358e-05
222,Normal_Videos_869_x264_i3d,43328,0,1.1341888539462275e-09,-21.39143943786621,0,0,3,1.1341888539462275e-09
222,Normal_Videos_869_x264_i3d,43329,1,1.1134686506153457e-09,-21.5185489654541,0,0,3,1.1341888539462275e-09
222,Normal_Videos_869_x264_i3d,43330,2,1.0119608484515652e-09,-21.439374923706055,0,0,3,1.1341888539462275e-09
223,Normal_Videos_870_x264_i3d,43479,0,1.9771133619173042e-09,-20.913375854492188,0,0,3,1.9771133619173042e-09
223,Normal_Videos_870_x264_i3d,43480,1,1.0710645703682076e-09,-21.486684799194336,0,0,3,1.9771133619173042e-09
223,Normal_Videos_870_x264_i3d,43481,2,1.971651952814568e-09,-20.79596519470215,0,0,3,1.9771133619173042e-09
224,Normal_Videos_871_x264_i3d,43517,0,0.0002284889342263341,-11.53992748260498,0,0,3,0.0004405875806696713
224,Normal_Videos_871_x264_i3d,43518,1,6.163902435218915e-05,-12.477998733520508,0,0,3,0.0004405875806696713
224,Normal_Videos_871_x264_i3d,43519,2,0.0004405875806696713,-10.892862319946289,0,0,3,0.0004405875806696713
225,Normal_Videos_872_x264_i3d,43790,0,2.7879753616844027e-08,-18.73755645751953,0,0,3,5.291140041663311e-07
225,Normal_Videos_872_x264_i3d,43791,1,1.709409644945481e-07,-15.889894485473633,0,0,3,5.291140041663311e-07
225,Normal_Videos_872_x264_i3d,43792,2,5.291140041663311e-07,-15.55643367767334,0,0,3,5.291140041663311e-07
226,Normal_Videos_873_x264_i3d,43824,0,1.2352249711966579e-07,-17.219560623168945,0,0,3,4.997792757421848e-07
226,Normal_Videos_873_x264_i3d,43825,1,4.997792757421848e-07,-16.75324821472168,0,0,3,4.997792757421848e-07
226,Normal_Videos_873_x264_i3d,43826,2,1.772703086544425e-07,-17.3719482421875,0,0,3,4.997792757421848e-07
227,Normal_Videos_874_x264_i3d,43937,0,8.760997483037158e-10,-23.788740158081055,0,0,3,8.760997483037158e-10
227,Normal_Videos_874_x264_i3d,43938,1,2.8836122725750535e-11,-25.395034790039062,0,0,3,8.760997483037158e-10
227,Normal_Videos_874_x264_i3d,43939,2,3.7682532094684973e-10,-24.43471908569336,0,0,3,8.760997483037158e-10
228,Normal_Videos_875_x264_i3d,44202,0,8.896615000253405e-09,-19.475072860717773,0,0,3,1.2602330734523548e-08
228,Normal_Videos_875_x264_i3d,44203,1,1.2602330734523548e-08,-19.327489852905273,0,0,3,1.2602330734523548e-08
228,Normal_Videos_875_x264_i3d,44204,2,3.0181255272765384e-09,-20.081457138061523,0,0,3,1.2602330734523548e-08
229,Normal_Videos_876_x264_i3d,44363,0,0.00041192895150743425,-10.185831069946289,0,0,3,0.003139834851026535
229,Normal_Videos_876_x264_i3d,44364,1,6.432850932469591e-05,-11.661025047302246,0,0,3,0.003139834851026535
229,Normal_Videos_876_x264_i3d,44365,2,0.003139834851026535,-8.249423027038574,0,0,3,0.003139834851026535
230,Normal_Videos_877_x264_i3d,44385,0,6.027923493689968e-09,-19.27507209777832,0,0,3,2.0825485336217753e-08
230,Normal_Videos_877_x264_i3d,44386,1,2.0825485336217753e-08,-18.130435943603516,0,0,3,2.0825485336217753e-08
230,Normal_Videos_877_x264_i3d,44387,2,9.86902737309947e-09,-19.207143783569336,0,0,3,2.0825485336217753e-08
231,Normal_Videos_878_x264_i3d,45012,0,7.808134978404269e-05,-10.89744758605957,0,0,3,0.00029836504836566746
231,Normal_Videos_878_x264_i3d,45013,1,8.107179019134492e-05,-11.123530387878418,0,0,3,0.00029836504836566746
231,Normal_Videos_878_x264_i3d,45014,2,0.00029836504836566746,-11.208300590515137,0,0,3,0.00029836504836566746
232,Normal_Videos_879_x264_i3d,45029,0,2.0173132053713516e-09,-20.36292839050293,0,0,3,3.0493272351606038e-09
232,Normal_Videos_879_x264_i3d,45030,1,2.3445392294263456e-09,-20.35730743408203,0,0,3,3.0493272351606038e-09
232,Normal_Videos_879_x264_i3d,45031,2,3.0493272351606038e-09,-20.239492416381836,0,0,3,3.0493272351606038e-09
233,Normal_Videos_880_x264_i3d,45101,0,1.1860437965083293e-08,-19.297334671020508,0,0,3,2.8747370706128095e-08
233,Normal_Videos_880_x264_i3d,45102,1,1.0078127665735792e-08,-19.498046875,0,0,3,2.8747370706128095e-08
233,Normal_Videos_880_x264_i3d,45103,2,2.8747370706128095e-08,-18.779760360717773,0,0,3,2.8747370706128095e-08
234,Normal_Videos_881_x264_i3d,46230,0,1.923843228723854e-06,-13.657488822937012,0,0,3,0.002448886400088668
234,Normal_Videos_881_x264_i3d,46231,1,0.00025877440930344164,-10.376810073852539,0,0,3,0.002448886400088668
234,Normal_Videos_881_x264_i3d,46232,2,0.002448886400088668,-11.468032836914062,0,0,3,0.002448886400088668
235,Normal_Videos_882_x264_i3d,46244,0,0.002587300492450595,-6.6984453201293945,0,0,3,0.015691138803958893
235,Normal_Videos_882_x264_i3d,46245,1,0.015691138803958893,-5.664313316345215,0,0,3,0.015691138803958893
235,Normal_Videos_882_x264_i3d,46246,2,0.004027371760457754,-6.780886173248291,0,0,3,0.015691138803958893
236,Normal_Videos_883_x264_i3d,46348,0,0.00013839243911206722,-10.68598461151123,0,0,3,0.0013372397515922785
236,Normal_Videos_883_x264_i3d,46349,1,0.00017386151012033224,-9.577174186706543,0,0,3,0.0013372397515922785
236,Normal_Videos_883_x264_i3d,46350,2,0.0013372397515922785,-9.586413383483887,0,0,3,0.0013372397515922785
237,Normal_Videos_884_x264_i3d,46369,0,4.260050978643903e-09,-20.552064895629883,0,0,3,5.508638878382044e-08
237,Normal_Videos_884_x264_i3d,46370,1,5.508638878382044e-08,-18.80206871032715,0,0,3,5.508638878382044e-08
237,Normal_Videos_884_x264_i3d,46371,2,8.492661685011171e-09,-20.25306510925293,0,0,3,5.508638878382044e-08
238,Normal_Videos_885_x264_i3d,46934,0,8.830883579946658e-09,-21.691465377807617,0,0,3,4.622638627438391e-08
238,Normal_Videos_885_x264_i3d,46935,1,4.622638627438391e-08,-21.00411033630371,0,0,3,4.622638627438391e-08
238,Normal_Videos_885_x264_i3d,46936,2,1.1119477782983722e-08,-21.936634063720703,0,0,3,4.622638627438391e-08
239,Normal_Videos_886_x264_i3d,46964,0,1.110800326387107e-06,-16.84473991394043,0,0,3,2.5750912300281925e-06
239,Normal_Videos_886_x264_i3d,46965,1,2.5750912300281925e-06,-16.925674438476562,0,0,3,2.5750912300281925e-06
239,Normal_Videos_886_x264_i3d,46966,2,6.5730687559550915e-09,-19.93976593017578,0,0,3,2.5750912300281925e-06
240,Normal_Videos_887_x264_i3d,47136,0,2.2066160454414785e-07,-15.912607192993164,0,0,3,2.2066160454414785e-07
240,Normal_Videos_887_x264_i3d,47137,1,9.898885622305897e-08,-16.820465087890625,0,0,3,2.2066160454414785e-07
240,Normal_Videos_887_x264_i3d,47138,2,6.573903021944716e-08,-17.36051368713379,0,0,3,2.2066160454414785e-07
241,Normal_Videos_888_x264_i3d,47613,0,6.672744490288096e-08,-20.520278930664062,0,0,3,6.672744490288096e-08
241,Normal_Videos_888_x264_i3d,47614,1,5.490165655430701e-09,-22.215045928955078,0,0,3,6.672744490288096e-08
241,Normal_Videos_888_x264_i3d,47615,2,3.4846159291390677e-09,-22.51138687133789,0,0,3,6.672744490288096e-08
242,Normal_Videos_889_x264_i3d,47649,0,1.7824589804149582e-08,-18.84800148010254,0,0,3,1.1419870560303025e-07
242,Normal_Videos_889_x264_i3d,47650,1,1.1419870560303025e-07,-18.654930114746094,0,0,3,1.1419870560303025e-07
242,Normal_Videos_889_x264_i3d,47651,2,2.9975844029195287e-08,-19.071805953979492,0,0,3,1.1419870560303025e-07
243,Normal_Videos_890_x264_i3d,47669,0,4.1123482219518337e-07,-16.27878761291504,0,0,3,4.1123482219518337e-07
243,Normal_Videos_890_x264_i3d,47670,1,3.6355839228008335e-08,-18.21412467956543,0,0,3,4.1123482219518337e-07
243,Normal_Videos_890_x264_i3d,47671,2,3.1388364618578635e-07,-15.549720764160156,0,0,3,4.1123482219518337e-07
244,Normal_Videos_891_x264_i3d,47893,0,1.5588219071105414e-07,-17.5074462890625,0,0,3,1.8922560229839291e-07
244,Normal_Videos_891_x264_i3d,47894,1,1.8922560229839291e-07,-17.207788467407227,0,0,3,1.8922560229839291e-07
244,Normal_Videos_891_x264_i3d,47895,2,1.3717297520088323e-08,-18.7723445892334,0,0,3,1.8922560229839291e-07
245,Normal_Videos_892_x264_i3d,48006,0,0.04778006300330162,-4.819980621337891,0,0,3,0.04778006300330162
245,Normal_Videos_892_x264_i3d,48007,1,0.0027064161840826273,-7.0509538650512695,0,0,3,0.04778006300330162
245,Normal_Videos_892_x264_i3d,48008,2,0.0004995792987756431,-9.183582305908203,0,0,3,0.04778006300330162
246,Normal_Videos_893_x264_i3d,48117,0,1.4006558330947882e-06,-15.088294982910156,0,0,3,1.4006558330947882e-06
246,Normal_Videos_893_x264_i3d,48118,1,1.1991340898021008e-06,-15.087262153625488,0,0,3,1.4006558330947882e-06
246,Normal_Videos_893_x264_i3d,48119,2,1.2382018894641078e-06,-14.979219436645508,0,0,3,1.4006558330947882e-06
247,Normal_Videos_894_x264_i3d,48516,0,3.0059943423310642e-09,-20.07209587097168,0,0,3,3.0059943423310642e-09
247,Normal_Videos_894_x264_i3d,48517,1,1.9896551073372848e-09,-21.811445236206055,0,0,3,3.0059943423310642e-09
247,Normal_Videos_894_x264_i3d,48518,2,6.351445480667905e-10,-22.59613609313965,0,0,3,3.0059943423310642e-09
248,Normal_Videos_895_x264_i3d,48677,0,0.0005027116276323795,-10.9545316696167,0,0,3,0.0005027116276323795
248,Normal_Videos_895_x264_i3d,48678,1,0.0003645331598818302,-11.040026664733887,0,0,3,0.0005027116276323795
248,Normal_Videos_895_x264_i3d,48679,2,0.00030773048638366163,-11.148300170898438,0,0,3,0.0005027116276323795
249,Normal_Videos_896_x264_i3d,48867,0,8.588350475235984e-09,-19.660680770874023,0,0,3,1.3278025789986714e-08
249,Normal_Videos_896_x264_i3d,48868,1,4.342772363941094e-09,-19.801115036010742,0,0,3,1.3278025789986714e-08
249,Normal_Videos_896_x264_i3d,48869,2,1.3278025789986714e-08,-19.752174377441406,0,0,3,1.3278025789986714e-08
250,Normal_Videos_897_x264_i3d,49011,0,9.184160987274481e-09,-21.295351028442383,0,0,3,3.608517715747439e-07
250,Normal_Videos_897_x264_i3d,49012,1,1.3257380082620784e-08,-20.701139450073242,0,0,3,3.608517715747439e-07
250,Normal_Videos_897_x264_i3d,49013,2,3.608517715747439e-07,-19.233169555664062,0,0,3,3.608517715747439e-07
251,Normal_Videos_898_x264_i3d,49066,0,1.0360506166762207e-05,-13.281550407409668,0,0,3,3.0278495614766143e-05
251,Normal_Videos_898_x264_i3d,49067,1,1.1993803354926058e-06,-15.267073631286621,0,0,3,3.0278495614766143e-05
251,Normal_Videos_898_x264_i3d,49068,2,3.0278495614766143e-05,-12.762102127075195,0,0,3,3.0278495614766143e-05
252,Normal_Videos_899_x264_i3d,49129,0,3.1071258899117993e-09,-20.783191680908203,0,0,3,1.4242425905308664e-08
252,Normal_Videos_899_x264_i3d,49130,1,2.683288258253924e-09,-21.199003219604492,0,0,3,1.4242425905308664e-08
252,Normal_Videos_899_x264_i3d,49131,2,1.4242425905308664e-08,-19.19606590270996,0,0,3,1.4242425905308664e-08
253,Normal_Videos_900_x264_i3d,49216,0,5.7084298532572575e-06,-13.486825942993164,0,0,3,0.00025524053489789367
253,Normal_Videos_900_x264_i3d,49217,1,0.00025524053489789367,-12.20325756072998,0,0,3,0.00025524053489789367
253,Normal_Videos_900_x264_i3d,49218,2,7.188198651419953e-05,-13.38559627532959,0,0,3,0.00025524053489789367
254,Normal_Videos_901_x264_i3d,49307,0,0.00015739134687464684,-9.821815490722656,0,0,3,0.00015739134687464684
254,Normal_Videos_901_x264_i3d,49308,1,1.5241613255057018e-05,-12.099306106567383,0,0,3,0.00015739134687464684
254,Normal_Videos_901_x264_i3d,49309,2,9.603663784218952e-05,-11.238165855407715,0,0,3,0.00015739134687464684
255,Normal_Videos_902_x264_i3d,49381,0,6.69590663164854e-05,-10.61652660369873,0,0,3,0.00011983104195678607
255,Normal_Videos_902_x264_i3d,49382,1,5.800293365609832e-05,-10.626927375793457,0,0,3,0.00011983104195678607
255,Normal_Videos_902_x264_i3d,49383,2,0.00011983104195678607,-10.266396522521973,0,0,3,0.00011983104195678607
256,Normal_Videos_903_x264_i3d,49468,0,1.836746754690921e-08,-19.46735382080078,0,0,3,2.1617033496568183e-08
256,Normal_Videos_903_x264_i3d,49469,1,1.5419850285525172e-08,-19.052705764770508,0,0,3,2.1617033496568183e-08
256,Normal_Videos_903_x264_i3d,49470,2,2.1617033496568183e-08,-18.8903751373291,0,0,3,2.1617033496568183e-08
257,Normal_Videos_904_x264_i3d,49518,0,6.69637501005127e-08,-19.100065231323242,0,0,3,6.69637501005127e-08
257,Normal_Videos_904_x264_i3d,49519,1,4.152860455519658e-08,-19.221900939941406,0,0,3,6.69637501005127e-08
257,Normal_Videos_904_x264_i3d,49520,2,6.679198349957005e-08,-19.180089950561523,0,0,3,6.69637501005127e-08
258,Normal_Videos_905_x264_i3d,49575,0,9.149015767206947e-08,-16.447538375854492,0,0,3,1.4086585053973977e-07
258,Normal_Videos_905_x264_i3d,49576,1,1.4086585053973977e-07,-16.280670166015625,0,0,3,1.4086585053973977e-07
258,Normal_Videos_905_x264_i3d,49577,2,2.618291716771637e-08,-18.1058406829834,0,0,3,1.4086585053973977e-07
259,Normal_Videos_906_x264_i3d,49650,0,0.0011702755000442266,-7.365058898925781,0,0,3,0.0011702755000442266
259,Normal_Videos_906_x264_i3d,49651,1,0.00013669749023392797,-9.379477500915527,0,0,3,0.0011702755000442266
259,Normal_Videos_906_x264_i3d,49652,2,1.1921815712412354e-05,-12.276981353759766,0,0,3,0.0011702755000442266
260,Normal_Videos_907_x264_i3d,49693,0,1.2754003364534583e-07,-16.657268524169922,0,0,3,5.586483439401491e-06
260,Normal_Videos_907_x264_i3d,49694,1,6.296190235843824e-07,-14.846919059753418,0,0,3,5.586483439401491e-06
260,Normal_Videos_907_x264_i3d,49695,2,5.586483439401491e-06,-13.8003511428833,0,0,3,5.586483439401491e-06
261,Normal_Videos_908_x264_i3d,49731,0,7.46156469944026e-09,-19.21377182006836,0,0,3,1.2068148258492783e-08
261,Normal_Videos_908_x264_i3d,49732,1,8.919859517675377e-09,-19.273733139038086,0,0,3,1.2068148258492783e-08
261,Normal_Videos_908_x264_i3d,49733,2,1.2068148258492783e-08,-19.141021728515625,0,0,3,1.2068148258492783e-08
262,Normal_Videos_909_x264_i3d,49787,0,9.482308200858824e-07,-15.916638374328613,0,0,3,9.482308200858824e-07
262,Normal_Videos_909_x264_i3d,49788,1,1.7437656651964062e-07,-17.19289207458496,0,0,3,9.482308200858824e-07
262,Normal_Videos_909_x264_i3d,49789,2,2.31478139767205e-07,-16.3066349029541,0,0,3,9.482308200858824e-07
263,Normal_Videos_910_x264_i3d,49842,0,6.822128284511564e-07,-15.767352104187012,0,0,3,6.822128284511564e-07
263,Normal_Videos_910_x264_i3d,49843,1,2.4429786549262644e-07,-16.401121139526367,0,0,3,6.822128284511564e-07
263,Normal_Videos_910_x264_i3d,49844,2,1.925895531940114e-07,-16.252777099609375,0,0,3,6.822128284511564e-07
264,Normal_Videos_911_x264_i3d,49878,0,2.821416655862663e-09,-19.987335205078125,0,0,3,4.060239255920806e-09
264,Normal_Videos_911_x264_i3d,49879,1,3.5949914156674367e-09,-19.833417892456055,0,0,3,4.060239255920806e-09
264,Normal_Videos_911_x264_i3d,49880,2,4.060239255920806e-09,-19.7738037109375,0,0,3,4.060239255920806e-09
265,Normal_Videos_912_x264_i3d,49927,0,1.2275259697602792e-09,-21.267288208007812,0,0,3,4.2555305945768396e-09
265,Normal_Videos_912_x264_i3d,49928,1,2.427948730954199e-09,-20.9630069732666,0,0,3,4.2555305945768396e-09
265,Normal_Videos_912_x264_i3d,49929,2,4.2555305945768396e-09,-20.434782028198242,0,0,3,4.2555305945768396e-09
266,Normal_Videos_913_x264_i3d,49974,0,1.9040790277813358e-07,-17.253860473632812,0,0,3,3.551539577983931e-07
266,Normal_Videos_913_x264_i3d,49975,1,3.199222078364983e-07,-16.861270904541016,0,0,3,3.551539577983931e-07
266,Normal_Videos_913_x264_i3d,49976,2,3.551539577983931e-07,-16.657108306884766,0,0,3,3.551539577983931e-07
267,Normal_Videos_914_x264_i3d,50013,0,9.789933756110258e-06,-13.689497947692871,0,0,3,2.3772774511598982e-05
267,Normal_Videos_914_x264_i3d,50014,1,1.1356993127265014e-05,-13.439035415649414,0,0,3,2.3772774511598982e-05
267,Normal_Videos_914_x264_i3d,50015,2,2.3772774511598982e-05,-12.135401725769043,0,0,3,2.3772774511598982e-05
268,Normal_Videos_915_x264_i3d,50068,0,5.2369837355570326e-09,-21.235881805419922,0,0,3,5.500827526816465e-08
268,Normal_Videos_915_x264_i3d,50069,1,1.8761831199753942e-08,-20.47902488708496,0,0,3,5.500827526816465e-08
268,Normal_Videos_915_x264_i3d,50070,2,5.500827526816465e-08,-18.545001983642578,0,0,3,5.500827526816465e-08
269,Normal_Videos_923_x264_i3d,50146,0,6.00230259806267e-06,-15.738473892211914,0,0,3,1.595352659933269e-05
269,Normal_Videos_923_x264_i3d,50147,1,1.595352659933269e-05,-15.494803428649902,0,0,3,1.595352659933269e-05
269,Normal_Videos_923_x264_i3d,50148,2,8.73202043294441e-06,-15.699847221374512,0,0,3,1.595352659933269e-05
270,Normal_Videos_924_x264_i3d,51285,0,1.3927574116223695e-07,-18.5538387298584,0,0,3,2.4391553665736865e-07
270,Normal_Videos_924_x264_i3d,51286,1,1.4648317403498368e-07,-18.366317749023438,0,0,3,2.4391553665736865e-07
270,Normal_Videos_924_x264_i3d,51287,2,2.4391553665736865e-07,-18.110891342163086,0,0,3,2.4391553665736865e-07
271,Normal_Videos_925_x264_i3d,58035,0,1.4577517859493128e-08,-19.565893173217773,0,0,3,1.4577517859493128e-08
271,Normal_Videos_925_x264_i3d,58036,1,8.169897647292146e-09,-20.069992065429688,0,0,3,1.4577517859493128e-08
271,Normal_Videos_925_x264_i3d,58037,2,1.80131898286362e-09,-20.70917320251465,0,0,3,1.4577517859493128e-08
272,Normal_Videos_926_x264_i3d,58518,0,0.00493015768006444,-6.090944766998291,0,0,3,0.006227237172424793
272,Normal_Videos_926_x264_i3d,58519,1,0.00022705765150021762,-8.869760513305664,0,0,3,0.006227237172424793
272,Normal_Videos_926_x264_i3d,58520,2,0.006227237172424793,-5.388818740844727,0,0,3,0.006227237172424793
273,Normal_Videos_927_x264_i3d,58631,0,2.351986552184826e-07,-18.17329978942871,0,0,3,5.11402163283492e-07
273,Normal_Videos_927_x264_i3d,58632,1,5.11402163283492e-07,-17.05289077758789,0,0,3,5.11402163283492e-07
273,Normal_Videos_927_x264_i3d,58633,2,2.2836398727577034e-07,-17.357587814331055,0,0,3,5.11402163283492e-07
274,Normal_Videos_928_x264_i3d,58734,0,0.00027488573687151074,-9.685528755187988,0,0,3,0.0035817367024719715
274,Normal_Videos_928_x264_i3d,58735,1,0.0035817367024719715,-6.654493808746338,0,0,3,0.0035817367024719715
274,Normal_Videos_928_x264_i3d,58736,2,0.0008241906762123108,-7.781936168670654,0,0,3,0.0035817367024719715
275,Normal_Videos_929_x264_i3d,58792,0,0.0023167342878878117,-8.850859642028809,0,0,3,0.0023167342878878117
275,Normal_Videos_929_x264_i3d,58793,1,0.00030296811019070446,-10.616477012634277,0,0,3,0.0023167342878878117
275,Normal_Videos_929_x264_i3d,58794,2,0.0002129351778421551,-10.343477249145508,0,0,3,0.0023167342878878117
276,Normal_Videos_930_x264_i3d,58850,0,4.4534109733262994e-09,-20.516498565673828,0,0,3,4.4534109733262994e-09
276,Normal_Videos_930_x264_i3d,58851,1,9.285358593125181e-11,-23.742393493652344,0,0,3,4.4534109733262994e-09
276,Normal_Videos_930_x264_i3d,58852,2,7.098058946164443e-11,-24.185321807861328,0,0,3,4.4534109733262994e-09
277,Normal_Videos_931_x264_i3d,59050,0,0.00039731673314236104,-10.182360649108887,0,0,3,0.07442958652973175
277,Normal_Videos_931_x264_i3d,59051,1,0.012402373366057873,-8.092453956604004,0,0,3,0.07442958652973175
277,Normal_Videos_931_x264_i3d,59052,2,0.07442958652973175,-5.564052104949951,0,0,3,0.07442958652973175
278,Normal_Videos_932_x264_i3d,59161,0,1.0025131587099168e-06,-17.70633316040039,0,0,3,0.00010041864879895002
278,Normal_Videos_932_x264_i3d,59162,1,3.0471317586489022e-05,-12.23713207244873,0,0,3,0.00010041864879895002
278,Normal_Videos_932_x264_i3d,59163,2,0.00010041864879895002,-10.368439674377441,0,0,3,0.00010041864879895002
279,Normal_Videos_933_x264_i3d,59273,0,6.458921841812071e-09,-19.28085708618164,0,0,3,6.705984656463215e-09
279,Normal_Videos_933_x264_i3d,59274,1,6.705984656463215e-09,-19.283933639526367,0,0,3,6.705984656463215e-09
279,Normal_Videos_933_x264_i3d,59275,2,6.077325309661319e-09,-19.320722579956055,0,0,3,6.705984656463215e-09
280,Normal_Videos_934_x264_i3d,59384,0,1.2977771635114266e-10,-23.546466827392578,0,0,3,1.2977771635114266e-10
280,Normal_Videos_934_x264_i3d,59385,1,1.0057269600460828e-10,-23.8667049407959,0,0,3,1.2977771635114266e-10
280,Normal_Videos_934_x264_i3d,59386,2,1.0124112659326556e-10,-23.91900634765625,0,0,3,1.2977771635114266e-10
281,Normal_Videos_935_x264_i3d,59495,0,3.933464665095698e-09,-23.296552658081055,0,0,3,2.105580065858703e-08
281,Normal_Videos_935_x264_i3d,59496,1,4.91172258421102e-09,-22.12118148803711,0,0,3,2.105580065858703e-08
281,Normal_Videos_935_x264_i3d,59497,2,2.105580065858703e-08,-20.338850021362305,0,0,3,2.105580065858703e-08
282,Normal_Videos_936_x264_i3d,66245,0,2.0516929453151533e-06,-15.43497371673584,0,0,3,2.0516929453151533e-06
282,Normal_Videos_936_x264_i3d,66246,1,1.6916345657591592e-07,-17.199260711669922,0,0,3,2.0516929453151533e-06
282,Normal_Videos_936_x264_i3d,66247,2,2.0515322773917433e-08,-18.316038131713867,0,0,3,2.0516929453151533e-06
283,Normal_Videos_937_x264_i3d,66317,0,2.0516929453151533e-06,-15.43497371673584,0,0,3,2.0516929453151533e-06
283,Normal_Videos_937_x264_i3d,66318,1,1.6916345657591592e-07,-17.199260711669922,0,0,3,2.0516929453151533e-06
283,Normal_Videos_937_x264_i3d,66319,2,2.0515322773917433e-08,-18.316038131713867,0,0,3,2.0516929453151533e-06
284,Normal_Videos_938_x264_i3d,66389,0,0.008680902421474457,-7.615490913391113,0,0,3,0.008680902421474457
284,Normal_Videos_938_x264_i3d,66390,1,0.001362157752737403,-8.254228591918945,0,0,3,0.008680902421474457
284,Normal_Videos_938_x264_i3d,66391,2,0.001073491177521646,-8.499335289001465,0,0,3,0.008680902421474457
285,Normal_Videos_939_x264_i3d,66691,0,5.863106343895197e-05,-10.975310325622559,0,0,3,5.863106343895197e-05
285,Normal_Videos_939_x264_i3d,66692,1,1.5722986063337885e-05,-11.175888061523438,0,0,3,5.863106343895197e-05
285,Normal_Videos_939_x264_i3d,66693,2,3.692544623845606e-06,-12.91569995880127,0,0,3,5.863106343895197e-05
286,Normal_Videos_940_x264_i3d,66742,0,8.635721542304964e-07,-18.993017196655273,0,0,3,1.0299258974555414e-06
286,Normal_Videos_940_x264_i3d,66743,1,7.905306347311125e-07,-18.93866539001465,0,0,3,1.0299258974555414e-06
286,Normal_Videos_940_x264_i3d,66744,2,1.0299258974555414e-06,-18.619150161743164,0,0,3,1.0299258974555414e-06
287,Normal_Videos_941_x264_i3d,68994,0,2.6764971607917687e-06,-13.762774467468262,0,0,3,2.6764971607917687e-06
287,Normal_Videos_941_x264_i3d,68995,1,1.5254092886607395e-06,-14.237004280090332,0,0,3,2.6764971607917687e-06
287,Normal_Videos_941_x264_i3d,68996,2,1.578091541887261e-06,-14.272574424743652,0,0,3,2.6764971607917687e-06
288,Normal_Videos_943_x264_i3d,69121,0,0.0007697812397964299,-10.469969749450684,0,0,3,0.0007697812397964299
288,Normal_Videos_943_x264_i3d,69122,1,4.3622432713164017e-05,-13.974360466003418,0,0,3,0.0007697812397964299
288,Normal_Videos_943_x264_i3d,69123,2,0.0007167516741901636,-11.173247337341309,0,0,3,0.0007697812397964299
289,Normal_Videos_944_x264_i3d,69185,0,8.580384746892378e-05,-10.081486701965332,0,0,3,8.580384746892378e-05
289,Normal_Videos_944_x264_i3d,69186,1,1.0536445188336074e-05,-14.054595947265625,0,0,3,8.580384746892378e-05
289,Normal_Videos_944_x264_i3d,69187,2,3.026898775715381e-05,-11.391395568847656,0,0,3,8.580384746892378e-05
